symbol,investment,profit,roi
A,627.3826859999999,47.57712500000001,7.58
AA,1368.0828419999998,-51.735261000000065,-3.78
AAIC,1501.1900010000002,86.19999299999998,5.74
AAN,0,0,NaN
AAP,1408.323331,156.843317,11.14
AAT,186.759998,6.670005999999987,3.57
AB,641.7999980000001,52.487497999999995,8.18
ABB,182.70999999999998,44.409997000000004,24.31
ABBV,552.930008,54.92998499999999,9.93
ABC,780.500927,124.84594399999999,16.00
ABEV,44.5986,2.6477999999999984,5.94
ABG,371.420002,-27.77000000000001,-7.48
ABM,515.043752,8.354991000000005,1.62
ABR,107.76,3.629998999999998,3.37
ABT,493.669271,80.334247,16.27
AC,228.205876,-20.629661,-9.04
ACA,45.220001,-5.950001,-13.16
ACB,184.716,29.951997000000013,16.22
ACC,448.179997,19.400010999999978,4.33
ACCO,175.029999,-12.729998000000007,-7.27
ACEL,33.150000000000006,-3.7699999999999996,-11.37
ACH,250.832499,13.652499000000002,5.44
ACI,0,0,NaN
ACIC,0,0,NaN
ACM,553.730002,-32.47999899999998,-5.87
ACN,675.830009,160.52998499999998,23.75
ACND,0,0,NaN
ACP,92.85390199999999,-3.425246999999999,-3.69
ACRE,90.59,-7.040000000000003,-7.77
ACV,84.329997,15.160002999999993,17.98
ADC,464.63500100000005,40.482495000000014,8.71
ADCT,0,0,NaN
ADM,628.716671,9.552341000000013,1.52
ADNT,49.48,9.170002000000004,18.53
ADS,1687.449993,-64.87998999999998,-3.84
ADT,23.380000000000003,-2.660000000000001,-11.38
ADX,260.728336,1.239999000000001,0.48
AEB,294.890001,-14.35000500000001,-4.87
AEE,873.130001,14.81749600000002,1.70
AEFC,0,0,NaN
AEG,193.954904,27.364321999999994,14.11
AEL,222.98000000000002,16.630000999999993,7.46
AEM,1063.075008,-46.10126299999996,-4.34
AENZ,24.14,-2.950000000000001,-12.22
AEO,203.37194399999998,17.21823599999999,8.47
AER,248.56999499999998,32.010006000000004,12.88
AES,227.73188399999998,34.118116,14.98
AFB,148.89999999999998,-0.5500000000000078,-0.37
AFC,290.02000300000003,-14.629994000000035,-5.04
AFG,573.645,58.24000600000002,10.15
AFGB,0,0,NaN
AFGC,0,0,NaN
AFGD,0,0,NaN
AFGE,0,0,NaN
AFI,22.240001,-2.3400019999999992,-10.52
AFL,451.11312399999997,-1.2524939999999916,-0.28
AFT,98.03999800000001,-2.8499980000000065,-2.91
AG,94.64999900000001,6.630000000000003,7.00
AGCB,0,0,NaN
AGCO,800.2374990000002,45.72749999999999,5.71
AGD,170.00999799999997,-11.369999000000002,-6.69
AGI,120.77000299999997,-11.700002999999993,-9.69
AGM,806.349998,-13.353336999999996,-1.66
AGO,336.650001,-5.850005999999993,-1.74
AGR,346.500005,-38.55001,-11.13
AGRO,94.94000000000001,-7.3,-7.69
AGS,33.31,-3.539998999999998,-10.63
AGX,316.75062399999996,8.791259000000004,2.78
AHC,24.62,6.839999999999999,27.78
AHH,79.11999999999999,-4.109999999999992,-5.19
AHT,537.332267,6.232978999999986,1.16
AI,0,0,NaN
AIC,117.880999,-11.133998999999992,-9.45
AIF,76.38,-3.17,-4.15
AIG,9333.696155999998,418.447969,4.48
AIN,866.1944370000001,-8.021493000000007,-0.93
AIO,0,0,NaN
AIR,425.14082899999994,7.010007999999999,1.65
AIRC,0,0,NaN
AIT,625.996227,24.946970999999998,3.99
AIV,75.977211,6.181790000000004,8.14
AIW,168.120001,-15.720003999999996,-9.35
AIZ,880.999991,-19.43999699999995,-2.21
AIZN,0,0,NaN
AIZP,231.809998,-6.029999999999987,-2.60
AJAX,0,0,NaN
AJG,590.271254,54.81749700000002,9.29
AJRD,243.180469,10.769061999999998,4.43
AJX,65.41,-7.139999999999995,-10.92
AJXA,75.49,-12.830001,-17.00
AKR,352.229998,-0.7049969999999988,-0.20
AL,211.309996,2.5000050000000087,1.18
ALB,752.2862490000001,133.51250199999998,17.75
ALC,186.02999799999998,-1.089999000000006,-0.59
ALE,1245.157506,77.44749200000001,6.22
ALEX,211.96999899999997,-29.59,-13.96
ALG,753.484993,154.80999699999995,20.55
ALK,542.2418700000001,23.883132999999994,4.40
ALL,780.667496,74.82750199999998,9.59
ALLE,481.47999500000003,-5.919996000000012,-1.23
ALLY,138.88,8.530002000000003,6.14
ALSN,210.259998,-1.250000000000007,-0.59
ALTG,8.53,-1.1799999999999997,-13.83
ALUS,0,0,NaN
ALV,1040.040708,3.0269290000000098,0.29
ALX,6848.717476,26.942419999999913,0.39
AM,33.07,-3.6499999999999986,-11.04
AMBC,120.25999900000001,-10.929996999999998,-9.09
AMC,53.75,0.6800010000000007,1.27
AMCR,83.23,-5.210000000000001,-6.26
AME,487.465556,58.14146800000002,11.93
AMG,676.50334,192.36332099999998,28.43
AMH,106.209999,1.510002,1.42
AMK,28.24,-3.119999,-11.05
AMN,394.159998,33.910005000000005,8.60
AMOV,191.533334,16.375,8.55
AMP,691.429988,131.27002299999998,18.99
AMPY,116.329999,-15.130001000000002,-13.01
AMRC,58.25,52.120000000000005,89.48
AMRX,4.83,0.08000000000000007,1.66
AMT,653.9474939999999,143.06750399999999,21.88
AMWL,0,0,NaN
AMX,193.085001,15.403330000000004,7.98
AN,539.669996,53.855005999999996,9.98
ANET,1246.0700009999998,-50.91002000000003,-4.09
ANF,635.3774930000002,-21.537489000000004,-3.39
ANH,92.15749999999998,0.2675000000000076,0.29
ANTM,2157.975017,73.29498299999989,3.40
AOD,100.66999999999999,-6.170000000000007,-6.13
AON,973.43111,130.19490799999997,13.37
AONE,0,0,NaN
AOS,238.46180399999997,51.412777999999996,21.56
AP,517.515004,-49.88250700000002,-9.64
APAM,149.539999,11.399999000000001,7.62
APD,1804.941699,210.53408900000005,11.66
APG,0,0,NaN
APH,440.640937,58.616411000000014,13.30
APLE,88.53999999999999,-8.339999999999998,-9.42
APO,158.05999799999998,15.460001000000005,9.78
APRN,22.31,-3.1599999999999984,-14.16
APSG,0,0,NaN
APTS,80.450001,5.369998999999998,6.67
APTV,383.535591,48.765752000000006,12.71
AQN,56.74,7.450000999999997,13.13
AQNA,27.83,0.18000000000000327,0.65
AQNB,27.200001,0.9100000000000001,3.35
AQUA,33.76,-7.179998999999999,-21.27
AR,113.71000000000001,-8.990001999999995,-7.91
ARC,57.959999999999994,-3.080000000000004,-5.31
ARCH,381.66000699999995,-14.960009999999983,-3.92
ARCO,33.57,-3.420000000000001,-10.19
ARD,31.840001,-2.4500009999999968,-7.69
ARDC,58.17,-0.5800000000000001,-1.00
ARE,1538.8075029999998,19.01500200000001,1.24
ARES,80.930001,21.079997,26.05
ARGD,176.350002,-19.720002999999984,-11.18
ARGO,726.8126399999999,27.56298799999999,3.79
ARI,148.74999899999997,-6.529999999999999,-4.39
ARL,215.76750000000004,-9.681249999999991,-4.49
ARLO,6,-0.6799999999999997,-11.33
ARMK,206.59000100000003,-3.4200050000000104,-1.66
ARNC,0,0,NaN
AROC,146.04,7.690000000000001,5.27
ARR,359.390003,-36.17999900000001,-10.07
ARW,830.712499,44.947502,5.41
ASA,377.77250100000003,3.1266639999999946,0.83
ASAN,0,0,NaN
ASAQ,0,0,NaN
ASB,446.8601759999999,17.023558999999985,3.81
ASC,88.55000000000001,-9.679999999999996,-10.93
ASG,164.715,-5.0275,-3.05
ASGI,0,0,NaN
ASGN,396.587504,43.284366,10.91
ASH,781.906514,15.986351999999997,2.04
ASIX,17.610001,5.559999000000001,31.57
ASPL,0,0,NaN
ASPN,57.93,4.799999999999994,8.29
ASR,1444.649978,136.87001900000004,9.47
ASX,73.38469399999998,-1.5457500000000017,-2.11
AT,61.55000000000001,-7.76,-12.61
ATA,0,0,NaN
ATAC,0,0,NaN
ATCO,92.70999900000001,-1.2200000000000024,-1.32
ATEN,56.91,-7.04,-12.37
ATGE,525.7518769999999,39.14311499999999,7.45
ATH,224.469998,-21.230001,-9.46
ATHM,433.92999999999995,0.6599910000000193,0.15
ATI,351.609993,-18.829993999999985,-5.36
ATKR,107.91,5.969999000000001,5.53
ATO,611.6433340000001,62.61916200000001,10.24
ATR,921.257501,64.03500100000002,6.95
ATTO,109.060806,4.009999999999998,3.68
ATUS,48.66,5.180000000000003,10.65
AU,645.5225069999999,-15.942505000000008,-2.47
AUY,119.19000100000002,-8.480001000000001,-7.11
AVA,493.78749899999997,37.102496,7.51
AVAL,63.82000000000001,-5.11,-8.01
AVAN,0,0,NaN
AVB,1456.535017,71.57499500000006,4.91
AVD,242.43949600000002,-15.997163000000004,-6.60
AVK,281.80999700000007,-9.05999300000001,-3.21
AVLR,0,0,NaN
AVNS,66.440002,26.829997999999996,40.38
AVNT,350.890004,-15.160004999999977,-4.32
AVTR,18.969999,-2.3099990000000012,-12.18
AVY,1453.718752,119.75876099999999,8.24
AVYA,14.77,-1.7300000000000004,-11.71
AWF,237.32250000000005,-9.775000000000006,-4.12
AWI,516.089995,-3.6000069999999766,-0.70
AWK,289.289995,234.550016,81.08
AWP,68.39,-1.2699999999999987,-1.86
AWR,478.409164,36.117505,7.55
AX,142.2825,16.567502,11.64
AXL,348.222501,-13.635005,-3.92
AXO,181.008999,-19.258991999999996,-10.64
AXP,660.086869,72.03350099999999,10.91
AXR,195.35499900000002,43.217501,22.12
AXS,733.7899919999999,-12.919992000000008,-1.76
AXTA,175.57,-10.750001000000001,-6.12
AYI,797.709994,336.779998,42.22
AYX,143.960007,-18.61000899999999,-12.93
AZEK,0,0,NaN
AZO,4962.189987,751.4350800000001,15.14
AZRE,60.055,20.765,34.58
AZUL,51.380001,-5.950002999999999,-11.58
AZZ,558.850324,10.989591999999988,1.97
B,578.3312500000001,2.382089999999998,0.41
BA,3385.965525,250.52449800000002,7.40
BABA,608.44001,120.24997699999997,19.76
BAC,593.771253,12.584993999999998,2.12
BAF,140.17999999999998,-2.7099999999999973,-1.93
BAH,117.029999,52.590001,44.94
BAK,0,0,NaN
BALY,55.039998999999995,-6.439998999999997,-11.70
BAM,232.35403200000002,13.809483000000007,5.94
BAMH,0,0,NaN
BAMI,0,0,NaN
BANC,185.42000000000002,-4.9899990000000045,-2.69
BAP,1017.6351179999999,164.88072699999998,16.20
BAX,803.970698,19.560047999999995,2.43
BB,353.691246,28.102922999999997,7.95
BBAR,202.123675,-2.697577999999993,-1.33
BBD,97.63284999999999,-9.433901000000002,-9.66
BBDC,122.630003,3.2499970000000022,2.65
BBDO,94.42999999999999,-9.91,-10.49
BBF,223.82000000000002,-6.66,-2.98
BBK,148.710001,-1.0800009999999993,-0.73
BBL,604.880007,-54.40000300000003,-8.99
BBN,130.88999900000002,6.230004000000001,4.76
BBU,114.01999599999999,-8.669993000000005,-7.60
BBVA,200.914265,4.400276000000002,2.19
BBW,129.519998,-4.0199970000000045,-3.10
BBY,833.95286,24.891218000000038,2.98
BC,927.8674989999998,13.605005999999989,1.47
BCAT,0,0,NaN
BCC,180.34,11.900001999999994,6.60
BCE,825.484999,21.07749600000001,2.55
BCEI,20.719999,-2.369999,-11.44
BCH,219.88573,20.881665000000005,9.50
BCO,849.3925020000001,51.355008999999995,6.05
BCS,499.819394,-11.123166000000023,-2.23
BCSF,31.475731000000003,-2.169724000000002,-6.89
BCX,43.78,-0.47999999999999865,-1.10
BDC,733.2488919999998,49.05832899999999,6.69
BDJ,105.98999999999998,-5.250000000000005,-4.95
BDN,452.69250000000005,22.10250499999999,4.88
BDX,2079.392518,70.04249400000003,3.37
BDXB,0,0,NaN
BE,31.64,23.650000000000002,74.75
BEDU,0,0,NaN
BEKE,0,0,NaN
BEN,424.92518800000005,41.081757999999994,9.67
BEP,98.18278699999999,36.454913,37.13
BEPC,0,0,NaN
BERY,269.990001,7.559995999999991,2.80
BEST,6.01,-0.6399999999999997,-10.65
BFAM,139.460007,20.139999000000017,14.44
BFK,150.7,7.400000000000006,4.91
BFS,647.3400039999999,-0.37750400000000184,-0.06
BFT,0,0,NaN
BFY,213.49,-4.260000000000009,-2.00
BFZ,182.519999,0.5800010000000064,0.32
BG,865.8600009999998,17.519996999999996,2.02
BGB,88.91,-6.219999999999997,-7.00
BGH,113.20999900000001,-6.219998000000004,-5.49
BGIO,18.07,-0.8349999999999991,-4.62
BGR,247.069999,-13.51,-5.47
BGS,234.44999800000002,18.230001999999992,7.78
BGSF,91.64999999999999,-3.0500000000000007,-3.33
BGT,94.719999,1.7299999999999986,1.83
BGX,127.28000200000002,-9.76000199999999,-7.67
BGY,85.39,-7.759999999999996,-9.09
BH,4946.569389,-59.75916299999996,-1.21
BHC,442.788756,126.491869,28.57
BHE,424.34666999999996,-20.09555699999999,-4.74
BHK,253.68,-11.889999,-4.69
BHLB,369.850002,-6.880001,-1.86
BHP,888.3809249999998,33.91153199999999,3.82
BHR,72.114951,-8.557624000000004,-11.87
BHV,294.670005,-16.890006000000003,-5.73
BHVN,139.690003,23.839996000000006,17.07
BIF,166.37,6.385000000000005,3.84
BIG,723.317492,-59.89998100000003,-8.28
BILL,0,0,NaN
BIO,1446.4733330000001,556.7133399999999,38.49
BIP,173.422972,28.991077000000004,16.72
BIPC,0,0,NaN
BIT,101.04000099999999,0.5899990000000024,0.58
BJ,78.940001,11.660001000000005,14.77
BK,737.2745279999999,13.52809099999999,1.83
BKD,98.04000099999999,1.6200000000000045,1.65
BKE,497.6179580000001,-4.639979000000011,-0.93
BKH,661.405833,97.13138800000002,14.69
BKI,85.349998,49.560002000000004,58.07
BKN,220.4275,20.309999999999995,9.21
BKR,987.1299949999999,6.707500999999983,0.68
BKT,142.47500000000002,-7.9725,-5.60
BKU,220.97000299999996,-1.760003999999995,-0.80
BLD,257.49,63.569997,24.69
BLE,171.93999999999997,9.699997000000005,5.64
BLK,3694.720042,365.639968,9.90
BLL,504.574523,9.545482,1.89
BLW,148.889999,-8.119997000000009,-5.45
BLX,582.189999,-28.644999999999992,-4.92
BMA,254.200001,-9.890002999999993,-3.89
BME,412.02999900000003,14.239993000000005,3.46
BMEZ,0,0,NaN
BMI,587.9453129999999,54.27405699999999,9.23
BMO,720.2912519999999,45.498766,6.32
BMY,927.1407300000001,16.72601999999999,1.80
BNED,39.089999999999996,-3.369999999999999,-8.62
BNL,0,0,NaN
BNS,502.964999,56.92999300000003,11.32
BNY,170.70999899999998,1.0699999999999967,0.63
BOAC,0,0,NaN
BOE,245.48999799999996,-13.16,-5.36
BOH,1147.022062,38.551962,3.36
BOOT,80.230002,24.499998000000012,30.54
BORR,0,0,NaN
BOX,76.830001,-1.750001000000001,-2.28
BP,958.7225100000002,5.834978999999976,0.61
BPMP,29.550000000000004,-3.450000000000003,-11.68
BPT,867.7800040000001,16.520000999999972,1.90
BQ,0,0,NaN
BR,423.02999900000003,141.629999,33.48
BRBR,21,-2.1200009999999985,-10.10
BRC,0,0,NaN
BRFS,99.664999,1.7183330000000003,1.72
BRMK,10.19,0.40000000000000036,3.93
BRO,243.431457,55.757920000000006,22.90
BRT,247.89499900000007,19.88000100000001,8.02
BRX,127.24000299999999,-12.530000999999995,-9.85
BSA,24.5,0.5599990000000012,2.29
BSAC,370.626545,19.560572999999994,5.28
BSBR,87.3,-6.48,-7.42
BSD,191.565,19.79500000000001,10.33
BSE,162.53000000000003,-0.5300000000000047,-0.33
BSIG,72.260001,1.669997999999996,2.31
BSL,122.53999999999999,-3.669999999999998,-2.99
BSM,78.74000000000001,-7.2099999999999955,-9.16
BSMX,60.50999999999999,-6.379999999999998,-10.54
BSN,0,0,NaN
BST,85.289998,25.680003999999997,30.11
BSTZ,21.440001,16.199998000000004,75.56
BSX,221.327497,36.980625,16.71
BTA,90.42999999999999,0.6300000000000061,0.70
BTI,896.032502,3.8187539999999913,0.43
BTO,545.2399949999999,-14.729995999999993,-2.70
BTT,109.100001,7.07,6.48
BTU,0,0,NaN
BTZ,154.59000000000003,-5.200000000000003,-3.36
BUD,698.9999960000001,-13.120000999999988,-1.88
BUI,137.859999,1.739998000000007,1.26
BUR,0,0,NaN
BURL,468.45999500000005,124.79999999999998,26.64
BV,31.270000000000003,-1.6600000000000001,-5.31
BVH,61.8,12.800001000000002,20.71
BVN,292.40812400000004,8.519374000000001,2.91
BW,4.13,-0.4299999999999997,-10.41
BWA,399.657188,8.906868999999993,2.23
BWG,93.58000000000001,-8.170000000000002,-8.73
BWXT,386.95363199999997,23.903647999999976,6.18
BX,207.93000099999998,15.969995000000004,7.68
BXC,538.4600000000002,-47.199996,-8.77
BXG,7.11,0.39999999999999947,5.63
BXMT,1839.0100340000001,317.5199569999999,17.27
BXMX,212.08999899999998,-11.659998,-5.50
BXP,2258.622491,-75.862507,-3.36
BXS,447.2178130000001,2.349682999999999,0.53
BY,35.779999000000004,-1.4199979999999996,-3.97
BYD,394.52500100000003,29.869996000000015,7.57
BYM,154.57999999999998,-4.510000000000002,-2.92
BZH,774.1158409999999,160.51081,20.73
BZM,196.749999,-2.600003999999986,-1.32
C,4378.070025999999,-15.97500300000008,-0.36
CAAP,4.12,-0.43999999999999995,-10.68
CABO,738.5,1341.48999,181.65
CACI,1539.2574940000002,-6.132484000000005,-0.40
CADE,13.96,4.710000000000001,33.74
CAE,167.65000099999997,4.439999,2.65
CAF,289.85,-13.11000499999999,-4.52
CAG,482.1584960000001,27.84877000000001,5.78
CAH,1443.205635,10.860234999999982,0.75
CAI,243.690004,9.759997000000002,4.01
CAJ,657.4566690000001,19.121668999999983,2.91
CAL,400.87778099999986,20.25555200000001,5.05
CALX,73.49,45.510000000000005,61.93
CANG,16.64,-2.3099999999999996,-13.88
CAP,0,0,NaN
CAPL,157.910001,-11.490000999999996,-7.28
CARR,0,0,NaN
CARS,40.230001,-1.1700009999999974,-2.91
CAS,0,0,NaN
CAT,1671.3843590000004,111.58065900000007,6.68
CATO,490.497223,-23.04389099999998,-4.70
CB,785.437493,83.89999699999998,10.68
CBAH,0,0,NaN
CBB,1195.3425070000003,-63.785013000000035,-5.34
CBD,380.250003,-12.435006000000001,-3.27
CBH,18.509999999999998,-0.5500000000000007,-2.97
CBRE,220.000001,6.540001000000018,2.97
CBT,734.43,-11.903754,-1.62
CBU,872.6424969999998,66.05624900000001,7.57
CBZ,228.45749899999998,21.584999000000007,9.45
CC,29.750000999999997,5.429998000000005,18.25
CCAC,0,0,NaN
CCEP,736.156668,14.499995000000055,1.97
CCI,609.600001,178.97001100000003,29.36
CCIV,0,0,NaN
CCJ,308.99333099999996,-21.969998000000004,-7.11
CCK,694.46055,53.928619,7.77
CCL,874.683751,-3.599991999999993,-0.41
CCM,32.674055,-0.721581,-2.21
CCO,113.86999999999999,-12.210000999999991,-10.72
CCS,97.74,23.570001999999995,24.12
CCU,308.542,-2.869999999999994,-0.93
CCX,10.48,-0.22000000000000064,-2.10
CCZ,0,0,NaN
CDAY,66.150002,32.449996,49.06
CDE,2775.440001,-245.30000199999998,-8.84
CDR,2311.1535059999997,-228.95079600000014,-9.91
CE,809.319993,91.32000299999999,11.28
CEA,327.41749999999996,28.697498,8.76
CEE,411.509998,32.267504,7.84
CEIX,8.98,0.2699999999999996,3.01
CEL,103.01,-3.0999989999999986,-3.01
CELP,47.970000000000006,-5.659999999999998,-11.80
CEM,751.3499989999999,-22.500000999999997,-2.99
CEN,642.000009,-76.39999499999999,-11.90
CEO,2081.12001,-11.370002,-0.55
CEPU,0,0,NaN
CEQP,1074.900484,145.40973899999995,13.53
CF,262.47799799999996,55.980000000000004,21.33
CFG,161.51000000000002,10.359997000000007,6.41
CFR,1098.567501,-5.251263000000009,-0.48
CFX,256.009993,20.270009999999992,7.92
CFXA,135.389999,-13.639998999999989,-10.07
CGA,255.769998,-30.420001999999982,-11.89
CHCT,107.60000199999999,6.239998,5.80
CHD,473.53708500000005,82.24957900000003,17.37
CHE,1185.947516,558.8049699999999,47.12
CHGG,102.399999,70.92,69.26
CHH,536.7324950000001,22.622501999999997,4.21
CHMI,69.78999900000001,-4.609998000000006,-6.61
CHN,422.265001,7.870003000000004,1.86
CHRA,3,-0.31999999999999984,-10.67
CHS,146.517012,20.806039999999996,14.20
CHT,541.7230279999999,25.794809000000015,4.76
CHWY,0,0,NaN
CI,1268.873597,63.177246,4.98
CIA,148.23481800000002,-9.074867000000003,-6.12
CIB,627.525002,-16.58499900000001,-2.64
CIEN,670.3662490000002,-49.491250000000015,-7.38
CIF,78.70249999999997,-2.5875000000000004,-3.29
CIG,95.091207,-4.1371629999999975,-4.35
CII,298.809998,-0.6099939999999933,-0.20
CIM,118.03999999999999,-7.099999,-6.01
CINR,120.169998,-8.999999,-7.49
CIO,85.94,-9.369999999999997,-10.90
CIR,417.25000400000005,-18.540002999999984,-4.44
CIT,395.600007,-9.559998000000022,-2.42
CIXX,0,0,NaN
CKH,1280.4483420000001,-52.61962299999999,-4.11
CL,1045.540632,19.61812299999997,1.88
CLA,0,0,NaN
CLB,886.1699819999999,-5.59873000000001,-0.63
CLDR,58.340000999999994,-9.820000999999996,-16.83
CLDT,111.34,-0.23999700000000068,-0.22
CLF,190.46999800000003,72.28125,37.95
CLGX,439.099747,64.863968,14.77
CLH,900.5381130000001,-9.250606000000019,-1.03
CLI,631.5474990000001,-3.072504999999982,-0.49
CLII,0,0,NaN
CLNC,7.92,0.2599999999999998,3.28
CLNY,37.59,-1.7200000000000033,-4.58
CLPR,21.66,-0.47000000000000064,-2.17
CLR,248.214996,31.47500399999998,12.68
CLS,157.62000100000003,-11.140002000000004,-7.07
CLVT,0,0,NaN
CLW,278.61,15.070002000000013,5.41
CLX,1653.371891,112.83499300000003,6.82
CM,935.507495,40.50501700000002,4.33
CMA,701.412408,22.83083500000003,3.25
CMC,372.14375500000006,-8.519065000000001,-2.29
CMCM,34.839999999999996,-4.869999,-13.98
CMD,290.985184,27.008147000000008,9.28
CMG,2902.0500190000002,836.780021,28.83
CMI,1388.1875020000002,36.405618000000004,2.62
CMO,375.156113,44.99166499999998,11.99
CMP,947.499993,-2.4100019999999702,-0.25
CMRE,98.499999,3.020000999999998,3.07
CMS,432.7025030000001,60.482494999999986,13.98
CMSA,78.139,-6.425999999999988,-8.22
CMSC,54.549999,0.7700010000000006,1.41
CMSD,54.569999,0.13000100000000003,0.24
CMU,161.69249999999994,-4.8325,-2.99
CNA,782.339169,27.036668000000013,3.46
CNC,552.0366740000001,-7.219173000000012,-1.31
CND,0,0,NaN
CNF,0,0,NaN
CNHI,50.519999999999996,4.880000000000001,9.66
CNI,482.38792,39.210001000000005,8.13
CNK,245.929998,23.73000400000001,9.65
CNMD,709.7573990000002,32.86055900000002,4.63
CNNE,21.379999,19.180001999999998,89.71
CNO,148.19,10.319999999999997,6.96
CNP,457.7090690000001,8.20540299999998,1.79
CNQ,503.528755,-7.061254999999992,-1.40
CNR,2139.709997,-62.01497999999993,-2.90
CNS,543.9200000000001,-8.410004999999984,-1.55
CNX,267.960622,13.420215000000006,5.01
CO,32.55,5.080000000000001,15.61
CODI,215.559999,-9.089993999999997,-4.22
COE,35.429999,11.370001999999998,32.09
COF,1450.374991,10.565021999999985,0.73
COG,346.38312200000007,-7.2839540000000085,-2.10
COLD,35.990002,0.5299980000000062,1.47
COO,1635.8462630000001,281.448754,17.21
COP,852.275974,61.28661899999997,7.19
COR,491.079999,108.62000299999998,22.12
CORR,207.820002,-16.319996999999997,-7.85
COTY,136.950001,-7.270002000000002,-5.31
CP,1006.4699910000002,265.009996,26.33
CPA,744.319999,55.18999900000003,7.41
CPAC,26.339999999999996,1.740000000000001,6.61
CPB,735.2912560000001,59.15374400000002,8.04
CPE,2289.0999940000006,106.87501900000001,4.67
CPF,4717.345051,154.36988499999995,3.27
CPG,280.769998,-9.599993,-3.42
CPK,513.1461100000001,114.17388500000001,22.25
CPLG,6.76,0.54,7.99
CPRI,229.68,12.239993999999992,5.33
CPS,354.059998,24.310007000000002,6.87
CPSR,0,0,NaN
CPT,1060.282506,31.785008000000033,3.00
CR,1003.682955,12.176493999999991,1.21
CRC,0,0,NaN
CRH,414.994998,21.350004999999996,5.14
CRHC,0,0,NaN
CRI,723.254995,22.28500999999997,3.08
CRK,1558.7312479999998,-13.198748999999992,-0.85
CRL,829.74,124.95999500000005,15.06
CRM,628.377499,215.237496,34.25
CRS,677.7299919999999,23.077514,3.41
CRT,379.95500100000004,0.5199970000000098,0.14
CRY,215.21166699999995,3.9356249999999946,1.83
CS,584.268634,4.222931999999993,0.72
CSL,903.6462519999999,45.235625999999996,5.01
CSLT,22.659999999999997,-2.360000000000001,-10.41
CSPR,0,0,NaN
CSR,2003.0399829999997,-135.319973,-6.76
CSTM,42.83,0.5100000000000016,1.19
CSU,1910.9999910000001,199.72498099999996,10.45
CSV,203.475,2.6199999999999974,1.29
CTAA,129.439998,-13.599998000000003,-10.51
CTAC,0,0,NaN
CTB,570.330623,-19.724375000000002,-3.46
CTBB,70.57000099999999,-4.3800029999999985,-6.21
CTDD,72.58,-4.139999000000003,-5.70
CTK,7.11,-0.7700000000000005,-10.83
CTLT,156.960001,63.690002,40.58
CTR,304.399993,-32.799999,-10.78
CTRA,78.69,-0.14999800000000008,-0.19
CTS,393.89666300000005,35.74500500000002,9.07
CTT,63.52,-4.770000000000003,-7.51
CTVA,28.35,-2.9299999999999997,-10.34
CUB,714.9805489999999,-28.132214000000026,-3.93
CUBB,23.77,1.619999,6.82
CUBE,166.88000200000002,20.56000199999999,12.32
CUBI,173.12,4.479996,2.59
CUK,623.51658,17.079571,2.74
CULP,215.79499900000002,22.105833999999994,10.24
CURO,31.990000000000002,-3.8100000000000005,-11.91
CUZ,1295.982276,79.52029499999998,6.14
CVA,286.325002,-8.845004000000008,-3.09
CVE,236.04000200000002,-25.84000200000001,-10.95
CVEO,113.960001,-13.179999999999998,-11.57
CVI,273.899993,20.530003999999995,7.50
CVNA,147.149998,172.679996,117.35
CVS,703.280624,104.21250900000003,14.82
CVX,1587.5018709999997,9.879370000000023,0.62
CW,1031.36125,9.788755000000009,0.95
CWEN,71.230001,9.369998999999996,13.15
CWH,34.5,14.130001000000007,40.96
CWK,33.640001,-3.6500009999999996,-10.85
CWT,723.191256,46.90000100000004,6.49
CX,140.196754,13.777000000000001,9.83
CXE,238.40500000000003,-13.85500000000001,-5.81
CXH,237.82999999999998,-7.127500000000001,-3.00
CXP,211.01000000000002,-25.78999799999999,-12.22
CXW,306.7533290000001,1.9966700000000017,0.65
CYD,189.71250100000003,16.50000099999999,8.70
CYH,461.406861,-42.18686299999999,-9.14
CZZ,117.370001,3.6899999999999977,3.14
D,1233.882083,-15.736675999999989,-1.28
DAC,450.879999,-34.040001000000004,-7.55
DAL,427.04000199999996,60.119991,14.08
DAN,180.289999,14.799999999999995,8.21
DAO,0,0,NaN
DAR,188.490001,53.88000100000001,28.59
DASH,0,0,NaN
DAVA,45.709999,37.62000299999999,82.30
DB,985.4507220000002,14.367525999999986,1.46
DBD,912.5527870000001,-40.28731999999999,-4.41
DBI,184.63500000000002,16.894997000000004,9.15
DBL,161.95000100000001,-10.94999799999999,-6.76
DCF,17.52,-0.75,-4.28
DCI,607.461458,0.3711449999999843,0.06
DCO,696.928202,-22.595099000000005,-3.24
DCP,373.689998,3.4500039999999856,0.92
DCUE,104.040001,-5.570000000000007,-5.35
DD,1488.0762439999999,18.515128000000026,1.24
DDD,189.560834,51.184169999999995,27.00
DDF,194.445,-9.667500000000004,-4.97
DDS,947.685832,38.62000199999999,4.08
DDT,424.80000000000007,-34.809996,-8.19
DE,1921.4087470000002,287.38875300000007,14.96
DEA,58.379999,5.610001000000004,9.61
DECK,499.932504,248.649164,49.74
DEH,0,0,NaN
DEI,273.81000300000005,-10.210001000000013,-3.73
DELL,105.77000000000001,17.209999000000003,16.27
DEN,148.85750099999998,9.300625000000002,6.25
DEO,1740.3599850000003,136.35500999999994,7.83
DESP,26.18,-3.17,-12.11
DEX,109.34,-4.019999999999998,-3.68
DFIN,31.820000999999998,6.129998000000002,19.26
DFNS,0,0,NaN
DFP,187.979998,-7.409991999999992,-3.94
DFS,269.700002,77.52999299999999,28.75
DG,266.329994,108.430012,40.71
DGNR,0,0,NaN
DGX,1198.669367,10.724396999999982,0.89
DHF,54.519999999999996,-3.54,-6.49
DHI,366.039215,46.12057400000001,12.60
DHR,303.706407,226.98537400000004,74.74
DHT,93.030001,-7.220000999999999,-7.76
DHX,74.86,-3.0100000000000016,-4.02
DIAX,79.95000099999999,2.840003000000003,3.55
DIN,805.426248,89.75875299999997,11.14
DIS,782.839021,119.46111399999997,15.26
DK,256.37999599999995,14.500008000000001,5.66
DKL,272.65999300000004,-30.369997999999992,-11.14
DKS,494.15500000000003,-3.655001000000013,-0.74
DL,79.69999999999999,4.630000000000002,5.81
DLB,499.520001,26.320000000000007,5.27
DLNG,21.979999999999997,0.29000000000000137,1.32
DLR,870.32001,-17.000001999999995,-1.95
DLX,962.574447,16.51642200000004,1.72
DLY,18.57,0.5799999999999983,3.12
DM,0,0,NaN
DMB,77.26,-4.2500000000000036,-5.50
DMO,165.249998,-8.359996000000006,-5.06
DMS,11.99,-1.25,-10.43
DMYD,0,0,NaN
DMYI,0,0,NaN
DNB,0,0,NaN
DNK,0,0,NaN
DNMR,0,0,NaN
DNOW,99.71,-8.660000999999994,-8.69
DNP,198.57499999999996,3.6125000000000007,1.82
DOC,143.82999900000002,-6.68,-4.64
DOOR,538.9399990000001,-34.710009,-6.44
DOV,727.7462240000001,59.84766599999999,8.22
DOW,46.119999,8.490001999999997,18.41
DPG,152.14999899999998,-3.6099990000000073,-2.37
DPZ,1121.750003,236.35000099999996,21.07
DQ,33.586000000000006,-1.3860000000000001,-4.13
DRD,382.485002,-31.659999999999986,-8.28
DRE,607.1299949999999,4.222506000000003,0.70
DRH,140.70000000000002,-5.889999000000001,-4.19
DRI,922.579106,7.419669000000027,0.80
DRQ,901.384992,-16.657490999999972,-1.85
DRUA,76.039999,-7.459999000000003,-9.81
DS,55.331140999999995,-0.27507900000000074,-0.50
DSE,217.400001,-22.70000800000001,-10.44
DSL,137.73000199999998,-8.860002000000009,-6.43
DSM,226.8725,-5.292499999999991,-2.33
DSSI,0,0,NaN
DSU,276.8375,-17.5375,-6.33
DSX,87.110001,6.339998,7.28
DT,0,0,NaN
DTB,0,0,NaN
DTE,999.3925019999999,47.967493000000005,4.80
DTF,301.93999999999994,-3.3474999999999895,-1.11
DTJ,101.53999900000001,-5.939998999999997,-5.85
DTP,46.040001,0.6399990000000031,1.39
DTW,77.69999999999999,-7.200001,-9.27
DTY,133.57999900000002,-19.219999,-14.39
DUC,229.79999999999998,-0.7050000000000018,-0.31
DUK,958.7436870000001,51.413426999999956,5.36
DUKB,27.16,0.38999899999999954,1.44
DUKH,125.36000200000001,-8.220002999999995,-6.56
DVA,717.1941649999999,74.88749700000001,10.44
DVD,119.965,-16.832500000000003,-14.03
DVN,749.318745,55.09624700000002,7.35
DWIN,0,0,NaN
DX,412.74999899999995,104.810002,25.39
DXC,400.467309,56.099994,14.01
DY,493.5842590000001,62.804174000000025,12.72
DYFN,0,0,NaN
E,794.596998,-32.15599799999997,-4.05
EAF,23.51,-1.1000000000000014,-4.68
EAI,0,0,NaN
EARN,89.00999999999999,-6.059999999999995,-6.81
EAT,497.68038000000007,37.217734,7.48
EB,39.039998999999995,-1.2799989999999966,-3.28
EBF,434.79694500000005,-14.383889999999997,-3.31
EBR,48.42,-2.370000000000001,-4.89
EBS,190.779999,13.660001000000001,7.16
EC,102.98000000000002,27.749999999999993,26.95
ECCB,77.889997,-6.919996999999995,-8.88
ECCX,49.801001,-2.0210009999999983,-4.06
ECCY,75.870999,-5.064999999999998,-6.68
ECL,1206.478751,160.54000100000005,13.31
ED,1363.8274969999998,-15.947516999999976,-1.17
EDD,90.69999999999999,-5.339999999999998,-5.89
EDF,124.149999,-6.730000000000004,-5.42
EDI,95.910001,-5.720000999999996,-5.96
EDN,64.12,32.58,50.81
EDU,223.54500099999998,142.574998,63.78
EEA,230.91249999999997,1.1625000000000014,0.50
EEX,5.41,-0.7000000000000002,-12.94
EFC,131.480003,-7.4600039999999925,-5.67
EFF,76.39,-1.0499990000000068,-1.37
EFL,36.86,-4.200000000000001,-11.39
EFR,150.91000000000003,-2.280000999999997,-1.51
EFT,161.44,-4.910000000000004,-3.04
EFX,1034.9400050000002,63.80375799999997,6.16
EGF,148.69,-14.369999999999997,-9.66
EGHT,118.89875,22.011249000000003,18.51
EGO,454.449997,1.3500030000000027,0.30
EGP,865.596661,87.30250599999997,10.09
EGY,53.603,1.8560000000000016,3.46
EHC,936.6708269999999,95.26624899999997,10.17
EHI,123.69999999999999,-3.6199999999999974,-2.93
EHT,39.29,-2.049999999999997,-5.22
EIC,15.05,0.09299999999999997,0.62
EIG,362.850005,-30.56000400000002,-8.42
EIX,1225.259995,7.912513000000004,0.65
EL,1005.80781,223.83844400000004,22.25
ELAN,60.489999999999995,-2.8199999999999967,-4.66
ELAT,0,0,NaN
ELC,0,0,NaN
ELF,32.580000999999996,2.0599989999999977,6.32
ELP,189.44312700000003,-7.493125999999998,-3.96
ELS,354.93000000000006,41.075002,11.57
ELVT,17.1,-0.5299999999999994,-3.10
ELY,323.077499,-4.189999999999992,-1.30
EMD,223.55000100000004,-9.06000199999999,-4.05
EME,554.2406289999999,60.230000000000004,10.87
EMF,516.782501,-8.560001999999997,-1.66
EMN,856.2512529999998,2.3487509999999787,0.27
EMO,430.50000700000004,-47.00000600000001,-10.92
EMP,0,0,NaN
EMPW,0,0,NaN
EMR,849.508745,77.92875099999999,9.17
ENB,401.628405,8.961860999999995,2.23
ENBA,51.49,-1.859999000000002,-3.61
ENBL,63.49,-7.02,-11.06
ENIA,222.04019,-11.500438999999988,-5.18
ENIC,26.4,-2.4299999999999993,-9.20
ENJ,147.51,-5.309996000000012,-3.60
ENLC,201.22000299999996,0.9499960000000005,0.47
ENO,157.879999,-21.669994,-13.73
ENPC,0,0,NaN
ENR,245.079998,-24.790001000000004,-10.12
ENS,576.9899990000001,40.54000399999998,7.03
ENV,302.66999799999996,29.999999000000003,9.91
ENVA,147.500003,0.6799930000000032,0.46
ENZ,224.754056,4.561830000000003,2.03
EOD,73.93,-7.479999999999999,-10.12
EOG,792.6543800000001,36.61875399999999,4.62
EOI,122.230001,2.809997000000001,2.30
EOS,139.62,6.960001999999996,4.98
EOT,169.990003,-3.960008000000002,-2.33
EPAC,424.50250199999994,0.974993000000012,0.23
EPAM,276.83998799999995,274.970002,99.32
EPC,724.2643700000001,19.56502200000002,2.70
EPD,285.54999699999996,6.615004999999993,2.32
EPR,789.602502,30.052495000000008,3.81
EPRT,37.980000000000004,0.759999999999998,2.00
EQC,863.460004,-6.8700139999999905,-0.80
EQD,0,0,NaN
EQH,88.489999,-5.2299990000000065,-5.91
EQNR,345.1599969999999,26.970002999999984,7.81
EQR,776.890005,16.648747999999962,2.14
EQS,108.442728,0.1481819999999998,0.14
EQT,305.701408,21.923407999999988,7.17
ERF,283.139999,9.310001999999987,3.29
ERJ,373.75999699999994,-18.73000099999999,-5.01
ES,656.079997,56.07750699999999,8.55
ESE,739.032497,17.252493999999984,2.33
ESGC,62.67000000000001,-7.179998999999999,-11.46
ESI,45.8,4.199999,9.17
ESNT,177.990001,0.07999800000000334,0.04
ESRT,66.230001,-2.5000009999999975,-3.77
ESS,2020.5724980000002,19.00750499999998,0.94
ESTC,89.269997,-10.169999000000004,-11.39
ESTE,142.26,-3.740001999999996,-2.63
ET,135.71000099999998,2.794998000000003,2.06
ETB,221.00999799999997,-14.729997999999998,-6.66
ETG,226.15000000000003,0.4499979999999937,0.20
ETH,764.272504,-34.56167400000001,-4.52
ETJ,86.759999,-4.599998999999997,-5.30
ETM,455.27999400000004,-40.21999399999996,-8.83
ETN,1013.2418779999999,34.50317499999997,3.41
ETO,251.23000100000002,-11.269998000000008,-4.49
ETR,1824.0724959999998,34.637499999999946,1.90
ETRN,0,0,NaN
ETV,269.62,-14.549999000000003,-5.40
ETW,172.99000000000004,-11.379999999999988,-6.58
ETY,112.19,-1.8699999999999957,-1.67
EURN,57.239999999999995,-6.959999999999997,-12.16
EV,503.40750199999997,32.28718300000001,6.41
EVA,154.330004,1.9999989999999883,1.30
EVC,146.14000000000001,-11.049999999999997,-7.56
EVF,87.72749999999999,-2.610000000000002,-2.98
EVG,149.72821599999997,-3.255232999999997,-2.17
EVH,81.56999900000001,-6.039998999999998,-7.40
EVN,161.56,1.1799999999999926,0.73
EVR,482.890008,59.71999000000001,12.37
EVRG,609.6281290000001,30.216874000000004,4.96
EVRI,112.900001,2.5699990000000046,2.28
EVT,269.500002,5.039990000000014,1.87
EVTC,124.400002,5.109997000000007,4.11
EW,233.690834,65.580002,28.06
EXD,69.44,-3.3899989999999995,-4.88
EXG,98.21,-2.4299999999999997,-2.47
EXK,42.15,5.259999999999998,12.48
EXP,757.025002,80.56333999999997,10.64
EXPR,91.440001,-8.710003,-9.53
EXR,511.079997,91.72000899999999,17.95
EXTN,46.489999999999995,-4.840000999999997,-10.41
F,372.02053399999994,-0.88829500000001,-0.24
FAF,317.02999900000003,35.660000999999994,11.25
FAII,0,0,NaN
FAM,158.15999900000003,-6.829999999999998,-4.32
FBC,7090.160002,1116.6644509999999,15.75
FBHS,261.45000000000005,29.50000099999999,11.28
FBK,106.239998,0.32999799999999624,0.31
FBP,833.431021,256.003036,30.72
FC,407.62499899999995,-25.72749800000003,-6.31
FCF,266.42375,1.2012500000000017,0.45
FCN,502.25888599999996,38.96888799999999,7.76
FCPT,101.44,0.6700000000000017,0.66
FCRW,49.24,2.019998000000001,4.10
FCRZ,126.433001,-13.113001000000004,-10.37
FCT,125.38,-4.619999999999997,-3.68
FCX,331.208751,18.128746,5.47
FDEU,43.020001,-0.46000199999999936,-1.07
FDP,339.430005,15.792493000000007,4.65
FDX,1326.5050039999999,195.06749000000002,14.71
FE,634.972505,6.617493999999979,1.04
FEDU,0,0,NaN
FENG,16.14,2.9899999999999998,18.53
FEO,196.82999900000002,-5.219998999999994,-2.65
FET,1277.3999939999999,-170.600006,-13.36
FF,120.05999999999999,-5.520000000000003,-4.60
FFA,124.15000099999999,-0.3599999999999959,-0.29
FFC,193.65000399999997,-5.140003999999994,-2.65
FFG,796.6025129999999,6.372492000000001,0.80
FGB,66.71000000000001,-3.719999999999999,-5.58
FGNA,0,0,NaN
FHI,557.030008,-19.96001099999999,-3.58
FHN,482.197553,18.793552999999996,3.90
FI,32.150001,-3.740001,-11.63
FICO,931.1770240000001,351.894451,37.79
FIF,158.809999,-10.089998000000001,-6.35
FINS,0,0,NaN
FINV,2.38,1.54,64.71
FIS,404.860003,65.709995,16.23
FIV,17.68,-0.41000000000000014,-2.32
FIX,441.762498,-18.112498999999993,-4.10
FL,834.5499990000001,15.750000000000028,1.89
FLC,175.39000399999998,0.979995000000006,0.56
FLNG,8.05,-0.040000000000000924,-0.50
FLO,215.069766,9.988299000000005,4.64
FLOW,223.10999900000002,3.6599999999999895,1.64
FLR,759.745,-5.380001999999994,-0.71
FLS,584.8019489999999,10.889448999999999,1.86
FLT,1154.770015,55.019979999999975,4.76
FLY,167.73,-7.569999999999993,-4.51
FMAC,0,0,NaN
FMC,532.5791079999999,40.22680700000002,7.55
FMN,157.5,-7.939999999999992,-5.04
FMO,1035.550005,-23.799997999999988,-2.30
FMS,502.4724990000001,18.918749000000005,3.77
FMX,1631.015837,-40.18999200000002,-2.46
FMY,195.189999,-4.409999000000013,-2.26
FN,195.2,11.629999000000012,5.96
FNB,376.73983400000003,6.316233000000006,1.68
FND,92.16,41.18,44.68
FNF,186.41284800000003,24.010186999999995,12.88
FNV,536.549999,62.56000500000001,11.66
FOE,427.59157300000004,0.022868999999992923,0.01
FOF,125.62,-5.629999999999994,-4.48
FOR,196.65999799999997,-3.9999999999999964,-2.03
FOUR,0,0,NaN
FPAC,0,0,NaN
FPF,134.10999999999999,2.4299960000000134,1.81
FPH,29.099999999999998,-2.4099999999999993,-8.28
FPI,90.36,-4.189999999999998,-4.64
FPL,67.26,-6.079999999999998,-9.04
FR,648.217496,10.087499000000015,1.56
FRA,161.98000000000002,-7.000000000000002,-4.32
FRC,604.8599949999999,-5.019982999999982,-0.83
FRO,1106.969988,-94.899984,-8.57
FRT,1348.585016,73.73497599999996,5.47
FRX,0,0,NaN
FSD,121.769999,-1.739998000000007,-1.43
FSK,139.979997,-9.279994000000002,-6.63
FSKR,0,0,NaN
FSLF,81.28,-3.6999999999999993,-4.55
FSLY,33.580002,72.720001,216.56
FSM,47.8,2.660000000000001,5.56
FSR,0,0,NaN
FSS,549.735338,-10.573113000000014,-1.92
FST,0,0,NaN
FT,166.3675,-3.8225000000000007,-2.30
FTAI,80.209998,3.3900029999999965,4.23
FTCH,13.53,49.4,365.11
FTHY,0,0,NaN
FTI,430.927497,-1.7024959999999982,-0.40
FTK,82.87,5.9500020000000005,7.18
FTS,369.450003,-19.710005000000017,-5.33
FTV,194.03347399999998,-10.668495000000007,-5.50
FUBO,12.85,-2.8499999999999996,-22.18
FUL,539.135209,14.003542999999993,2.60
FUN,653.867504,7.582497999999987,1.16
FUSE,0,0,NaN
FVRR,0,0,NaN
G,242.629999,-3.1200000000000045,-1.29
GAB,210.779654,-4.620641999999997,-2.19
GAM,637.5699960000001,70.27000099999998,11.02
GATO,0,0,NaN
GATX,1248.7075,34.99751699999996,2.80
GB,34.03,-0.6500000000000004,-1.91
GBAB,203.159999,-12.94000199999999,-6.37
GBL,420.13627699999995,-0.6726509999999983,-0.16
GBX,410.170001,39.82749299999999,9.71
GCI,57.18999999999999,-3.650000000000002,-6.38
GCO,595.5575039999999,11.732499999999995,1.97
GCP,109.21000300000001,-11.800003999999994,-10.80
GCV,115.625,-4.485000000000001,-3.88
GD,1243.025639,145.33937999999995,11.69
GDDY,223.33999599999999,-23.26999699999999,-10.42
GDL,90.71999999999998,-8.929999999999998,-9.84
GDO,161.189998,-9.039998000000004,-5.61
GDOT,155.180003,30.719998000000004,19.80
GDV,312.209561,18.890045999999998,6.05
GE,386.555929,38.732017000000006,10.02
GEF,650.2775059999999,11.827489,1.82
GEL,277.15749900000003,20.580004999999996,7.43
GEO,174.127222,10.367223999999997,5.95
GER,129.869999,-15.209999000000003,-11.71
GES,358.517498,3.13875599999999,0.88
GF,245.48499899999996,16.4375,6.70
GFF,370.93363600000004,-12.320001000000005,-3.32
GFI,268.0224110000001,-10.891318999999996,-4.06
GFL,0,0,NaN
GFLU,0,0,NaN
GGB,91.47171000000002,9.273674000000002,10.14
GGG,445.162057,47.762600000000006,10.73
GGM,104.35999899999999,-5.919996000000001,-5.67
GGT,122.00555200000001,24.900568999999997,20.41
GGZ,78.19512099999999,1.0148790000000023,1.30
GHC,8611.873321000001,549.231949,6.38
GHG,41.36,-2.67,-6.46
GHL,1061.6,-99.52000400000001,-9.37
GHLD,0,0,NaN
GHM,348.09333399999997,5.929999999999993,1.70
GHY,88.800001,-5.040000999999997,-5.68
GIB,291.993745,19.258755999999998,6.60
GIK,0,0,NaN
GIL,154.20124800000002,23.125005,15.00
GIM,126.41250000000001,1.2574999999999985,0.99
GIS,574.0965699999999,49.42782399999998,8.61
GIX,0,0,NaN
GJH,173.5,-20.74,-11.95
GJO,209.070001,-5.320001999999995,-2.54
GJP,313.69999800000005,-12.700002999999995,-4.05
GJR,165.47999899999996,5.079995999999994,3.07
GJS,154.049998,-1.039998999999991,-0.68
GJT,182.999998,2.3099989999999906,1.26
GKOS,116.29999700000002,71.58000399999999,61.55
GL,584.466297,89.316677,15.28
GLEO,0,0,NaN
GLOB,183.41,209.840001,114.41
GLOG,130.879997,-11.729996999999997,-8.96
GLOP,18.889999,3.330000000000002,17.63
GLP,220.12999699999997,12.130004000000003,5.51
GLT,515.2487480000001,-12.096874000000003,-2.35
GLW,484.557913,49.71542,10.26
GM,350.749999,3.620000999999995,1.03
GME,244.06000500000002,27.91999600000001,11.44
GMED,260.35,-7.759996000000001,-2.98
GMRE,41.41,-2.6400000000000023,-6.38
GMS,47.150002,2.3199989999999993,4.92
GMTA,77.649999,-3.709999,-4.78
GNE,48.47,-5.569999999999999,-11.49
GNK,42.769999999999996,-4.689999999999996,-10.97
GNL,172.169999,-18.609999,-10.81
GNPK,0,0,NaN
GNRC,206.38000300000002,235.80998499999998,114.26
GNT,52.77,-5.44,-10.31
GNW,105.29000000000002,-5.600000000000007,-5.32
GOAC,0,0,NaN
GOF,177.58999599999999,-1.249997000000004,-0.70
GOL,255.70800100000002,-14.600002999999996,-5.71
GOLD,700.99874,-21.02623800000001,-3.00
GOLF,101.93,6.600000999999999,6.48
GOOS,88.34,-10.229999999999997,-11.58
GPC,1173.4728639999998,70.68381200000003,6.02
GPI,726.6999999999999,57.58998799999998,7.92
GPJA,26.4,1.3099990000000012,4.96
GPK,193.019445,6.145553000000003,3.18
GPM,120.28999999999999,-11.320000000000004,-9.41
GPMT,29.029999000000004,-2.9399990000000003,-10.13
GPN,472.63000500000004,79.00250000000001,16.72
GPRK,89.259999,-3.9199990000000042,-4.39
GPS,490.6617580000001,64.26565200000002,13.10
GPX,432.9649970000001,-24.424998999999993,-5.64
GRA,1182.5550099999998,-103.39250899999996,-8.74
GRC,607.6985099999999,-25.206270999999987,-4.15
GRUB,136.01,50.29999699999999,36.98
GRX,101.93647200000001,-1.3897520000000068,-1.36
GS,2921.425003,222.22500600000004,7.61
GSAH,0,0,NaN
GSBD,103.910001,-5.429998999999999,-5.23
GSK,1010.6800009999998,1.115001000000035,0.11
GSL,160.299997,-5.169994999999998,-3.23
GSLD,0,0,NaN
GSX,98.120003,-14.660004,-14.94
GTES,25.5,0.8399999999999999,3.29
GTLS,259.78999699999997,158.389997,60.97
GTN,130.43,-1.7799999999999976,-1.36
GTS,279.71999900000003,-19.710000000000004,-7.05
GTT,63.290000000000006,7.820001999999995,12.36
GTY,501.17827700000015,1.5013200000000069,0.30
GUT,137.0275,-10.157499999999997,-7.41
GVA,767.6561180000001,10.567774000000007,1.38
GWB,124.49999799999999,1.980001000000005,1.59
GWRE,473.079997,11.060011000000003,2.34
GWW,3493.8250299999995,42.82619799999992,1.23
GYC,357.130003,-18.63000599999999,-5.22
H,451.970001,-3.4499970000000104,-0.76
HAE,721.907498,84.16749300000001,11.66
HAL,479.63677,0.0016029999999815914,0.00
HASI,110.99000299999999,25.689997999999996,23.15
HBB,45.399999,-8.549998000000002,-18.83
HBI,141.8775,-15.579999999999993,-10.98
HBM,65.22999999999999,-4.15,-6.36
HCA,749.34001,-28.980003999999994,-3.87
HCC,73.979999,-0.8299990000000008,-1.12
HCHC,50.72,-0.34999999999999876,-0.69
HCI,317.550003,16.919998999999997,5.33
HCXY,25.75,0.8200000000000003,3.18
HCXZ,49.586,-4.147000999999996,-8.36
HD,1169.642796,138.02064399999998,11.80
HDB,356.920001,63.08700100000001,17.68
HE,613.9625019999999,7.672503000000006,1.25
HEI,223.729935,99.708915,44.57
HEP,411.374996,-12.660002000000002,-3.08
HEQ,95.53999999999999,0.3600000000000012,0.38
HES,938.995825,21.763340999999997,2.32
HESM,86.189998,-5.129999000000005,-5.95
HEXO,6.76,0.3600000000000003,5.33
HFC,356.86687500000005,47.033445,13.18
HFRO,10,0.21000000000000085,2.10
HGH,288.949999,-15.61000199999998,-5.40
HGLB,0,0,NaN
HGV,61.280001,0.49999800000000505,0.82
HHC,1005.5700039999999,25.429997999999998,2.53
HI,221.46,2.259998999999997,1.02
HIE,58.67,-5.3069999999999995,-9.05
HIG,707.269997,16.307503999999973,2.31
HIGA,0,0,NaN
HII,872.489979,96.33001300000001,11.04
HIL,74.36,-3.7599999999999985,-5.06
HIMS,0,0,NaN
HIO,134.505,-3.6574999999999953,-2.72
HIW,716.1450070000001,-9.480011999999995,-1.32
HIX,169.55,-11.839999999999998,-6.98
HKIB,0,0,NaN
HL,163.59249999999997,-8.59,-5.25
HLF,263.829998,8.590003000000003,3.26
HLI,164.489999,77.63001100000001,47.19
HLT,225.108002,1.1220019999999948,0.50
HLX,366.4974999999999,31.510001999999993,8.60
HMC,584.5143770000001,-25.618122000000003,-4.38
HMI,67.86000100000001,-6.860001000000004,-10.11
HMLP,129.70999999999998,-8.119997999999995,-6.26
HMN,508.552499,5.694999000000003,1.12
HMY,226.0525,-18.054999999999993,-7.99
HNGR,233.304999,16.880000999999993,7.24
HNI,857.6800079999998,-10.353760999999992,-1.21
HNP,289.08499600000005,32.020008999999995,11.08
HOG,868.253279,2.2304769999999934,0.26
HOME,12.42,10.549999000000001,84.94
HON,1159.4487159999999,145.89119999999994,12.58
HOV,2948.893752,552.6837489999999,18.74
HP,702.5199939999999,10.73126000000002,1.53
HPE,61.02999899999999,-5.539998999999996,-9.08
HPF,260.869997,-8.499998000000001,-3.26
HPI,237.81999599999997,-7.979993000000004,-3.36
HPP,198.869997,-1.029998999999993,-0.52
HPQ,314.358506,10.617140999999982,3.38
HPR,8677.5,-2.5,-0.03
HPS,183.72000100000002,-6.690001999999993,-3.64
HPX,0,0,NaN
HQH,410.59000199999997,11.142501,2.71
HQL,272.067502,10.429999000000004,3.83
HR,672.5624939999999,-33.10498999999999,-4.92
HRB,616.818126,10.450619999999994,1.69
HRC,840.614412,37.51011,4.46
HRI,442.40999899999997,-28.880002999999967,-6.53
HRL,280.955942,31.697812,11.28
HRTG,81.00999900000001,-8.889999999999997,-10.97
HSBC,934.4424959999999,-5.112496000000014,-0.55
HSC,381.38499600000006,22.434999999999985,5.88
HSY,876.48251,146.278723,16.69
HT,379.17999999999995,2.260000999999999,0.60
HTA,333.73,-19.430000000000007,-5.82
HTD,220.44999900000002,0.4100009999999976,0.19
HTFA,101.97200000000001,-16.592001000000007,-16.27
HTGC,173.25999999999996,0.389999999999997,0.23
HTH,196.790003,13.309998,6.76
HTPA,0,0,NaN
HTY,170.68999999999997,-17.780000000000015,-10.42
HUBB,0,0,NaN
HUBS,424.410008,160.39997399999996,37.79
HUM,2027.700847,299.1491339999999,14.75
HUN,154.39000099999998,6.699996000000002,4.34
HUYA,78.379999,-8.23,-10.50
HVT,414.9616699999999,-20.226672999999984,-4.87
HWM,0,0,NaN
HXL,518.185829,15.584165999999989,3.01
HY,455.379993,0.1600090000000023,0.04
HYB,299.13000000000005,6.980000000000002,2.33
HYI,100.289998,-7.219998000000002,-7.20
HYLN,0,0,NaN
HYT,105.08,-3.289999999999999,-3.13
HZAC,0,0,NaN
HZN,35.849999999999994,0.7399999999999984,2.06
HZO,366.19000299999993,0.13500200000000717,0.04
HZON,0,0,NaN
IAA,47.439999,12.350001999999996,26.03
IACA,0,0,NaN
IAE,122.51000099999999,-7.280000999999999,-5.94
IAG,85.39000100000001,3.869999000000001,4.53
IBA,567.5699940000001,-4.054992999999996,-0.71
IBM,2829.4162360000005,-81.12248000000001,-2.87
IBN,69.249999,7.586364999999997,10.96
IBP,141.629998,70.080005,49.48
ICD,804.600006,-98.400001,-12.23
ICE,338.548005,54.39398999999999,16.07
ICL,70.904,-0.19399999999999906,-0.27
IDA,934.510005,45.47999599999999,4.87
IDE,112.28,-8.019999999999996,-7.14
IDT,237.539267,-5.307177000000008,-2.23
IEX,890.669018,83.98605200000003,9.43
IFF,2371.273331,-5.375819999999976,-0.23
IFFT,0,0,NaN
IFN,368.064999,-4.184998999999976,-1.14
IFS,31.889999,-0.35999800000000093,-1.13
IGA,172.18,-14.869999999999994,-8.64
IGD,69.36,-4.929999999999996,-7.11
IGI,301.07000000000005,-20.809993000000034,-6.91
IGR,61.419999999999995,-1.6300000000000026,-2.65
IGT,387.5349990000001,10.979371,2.83
IH,0,0,NaN
IHC,272.576479,12.68643599999999,4.65
IHD,67.67,-2.580000000000001,-3.81
IHG,441.72357300000004,9.447527000000001,2.14
IHIT,48.864999999999995,-11.864999999999998,-24.28
IHTA,18.18,-2.2750000000000004,-12.51
IIAC,0,0,NaN
IID,86.05,-7.09,-8.24
IIF,414.0825,31.982499999999998,7.72
IIM,293.71,4.004999999999987,1.36
IIPR,206.34,156.599995,75.89
IMAX,444.32749599999994,-3.047499999999996,-0.69
IMPX,0,0,NaN
INFO,125.76999699999999,10.240006000000008,8.14
INFY,125.535938,8.579063000000005,6.83
ING,417.57499799999994,-10.016242000000027,-2.40
INGR,720.6075,28.64124600000001,3.97
INN,74.89,0.41000000000000014,0.55
INSI,411.7300010000001,-16.854998999999992,-4.09
INSP,76.25,-8.180000000000007,-10.73
INSW,111.230001,-13.080001999999993,-11.76
INT,403.042499,-19.980140000000006,-4.96
INVH,95.67,-4.630001999999994,-4.84
IO,2024.8875040000003,189.24999400000002,9.35
IP,1087.4748540000003,-10.679276999999985,-0.98
IPG,583.3938909999999,19.195277000000004,3.29
IPI,1559.050002,-171.25998399999997,-10.98
IPOD,0,0,NaN
IPOE,0,0,NaN
IPOF,0,0,NaN
IPV,0,0,NaN
IQI,281.205,-7.1324999999999985,-2.54
IQV,288.869996,59.22000899999999,20.50
IR,93.150001,3.8900000000000006,4.18
IRL,210.29500000000002,25.902499999999996,12.32
IRM,601.4638329999999,-26.33662199999999,-4.38
IRR,81.12000000000002,-8.000000000000002,-9.86
IRS,210.696744,18.435997,8.75
IRT,59.24999999999999,-0.6499999999999986,-1.10
ISD,79.77000000000001,-6.099999000000004,-7.65
IT,1086.66001,41.16500399999998,3.79
ITCB,208.435,-10.772999999999993,-5.17
ITGR,541.6899960000001,32.810002999999995,6.06
ITT,392.88592100000005,33.23160700000001,8.46
ITUB,121.78373200000001,-3.9988959999999985,-3.28
ITW,962.67374,97.61812999999998,10.14
IVC,496.90750199999997,37.978746,7.64
IVH,99.49999900000002,-7.319999000000003,-7.36
IVR,126.00999899999998,-7.570000999999991,-6.01
IVZ,311.17000299999995,23.999997,7.71
IX,804.8099989999998,98.47999699999998,12.24
J,692.9446919999999,55.99031100000001,8.08
JAX,74.08,-6.630000000000001,-8.95
JBGS,39.950001,-5.010002,-12.54
JBK,290.860001,-9.530000999999999,-3.28
JBL,404.15374899999995,15.094065999999998,3.73
JBT,468.320003,43.199991999999995,9.22
JCE,188.98,-3.559999999999988,-1.88
JCI,785.028778,91.40304999999998,11.64
JCO,9.48,-1.4600000000000009,-15.40
JDD,140.54999999999998,2.1000000000000068,1.49
JE,2067.119994,-164.01,-7.93
JEF,323.47153,32.532904,10.06
JELD,67.91,-8.910002000000002,-13.12
JEMD,25.54,-1.9199999999999982,-7.52
JEQ,150.73,-5.27,-3.50
JFR,86.18,-1.2200000000000024,-1.42
JGH,74.73,0.0800000000000054,0.11
JHAA,9.89,0,0.00
JHB,18.98,-0.9900000000000002,-5.22
JHG,49.369999,4.040001,8.18
JHI,533.842501,-15.667494000000008,-2.93
JHS,384.88500000000005,-16.345000000000013,-4.25
JHX,147.264001,8.047998999999997,5.47
JIH,0,0,NaN
JILL,36.481949,-4.366081000000001,-11.97
JKS,174.59999800000003,40.37999800000001,23.13
JLL,1134.412495,68.18249699999998,6.01
JLS,166.63,-12.049997999999992,-7.23
JMIA,29.259999999999998,45.279999000000004,154.75
JMM,199.04999999999998,-10.539999999999992,-5.30
JMP,89.54,-6.249999999999997,-6.98
JNJ,1598.862196,143.48719799999992,8.97
JNPR,306.13000200000005,-8.449994000000007,-2.76
JOE,657.5558379999999,-2.02083600000001,-0.31
JOF,182.96000000000004,-2.259999999999998,-1.24
JP,23.35,-2.96,-12.68
JPC,123.44,-3.199999999999992,-2.59
JPI,234.17000000000002,0.9600019999999958,0.41
JPM,1034.707504,-16.317503999999985,-1.58
JPS,170.83,-12.010000000000003,-7.03
JPT,46.73,-2.649999999999995,-5.67
JQC,104.72000000000001,-3.6400000000000015,-3.48
JRI,120.49000000000001,-8.470001999999997,-7.03
JRO,98.92,0.07000000000000206,0.07
JRS,146.130001,-0.7300009999999979,-0.50
JSD,61.75999999999999,-2.3499990000000004,-3.81
JT,50.16,-6.240001999999997,-12.44
JTA,144.54,1.5500009999999982,1.07
JTD,130.05,-1.1200000000000028,-0.86
JWN,488.010001,45.43125399999998,9.31
JWS,0,0,NaN
K,1527.996251,35.128761000000026,2.30
KAI,711.264995,-2.692497000000003,-0.38
KAMN,775.3574980000001,10.366252000000003,1.34
KAR,94.927364,1.3115770000000033,1.38
KB,509.589997,24.82000000000001,4.87
KBH,479.8975019999999,25.31000199999999,5.27
KBR,349.64000400000003,-18.740005999999994,-5.36
KEN,64.000001,-4.706001999999998,-7.35
KEP,182.97,16.504997999999997,9.02
KEX,784.0225059999999,50.848747,6.49
KEY,396.89968500000003,30.429721,7.67
KEYS,126.829998,96.669994,76.22
KF,2944.078353,6.64331399999994,0.23
KFS,271.36,65.660007,24.20
KFY,286.1175,31.080001999999997,10.86
KGC,204.995,2.5174990000000044,1.23
KIM,314.492502,68.392496,21.75
KIO,111.28000200000001,-7.190001999999993,-6.46
KKR,122.08999700000001,1.8100050000000003,1.48
KL,41.639999,-3.1699979999999996,-7.61
KMB,1659.442117,86.43446800000001,5.21
KMF,96.349999,3.040000999999995,3.16
KMI,168.07999700000002,-5.419996000000001,-3.22
KMPR,1069.459993,35.47501000000001,3.32
KMT,812.9862439999999,-11.562490999999994,-1.42
KMX,619.837501,27.307502,4.41
KN,65,-0.3299999999999983,-0.51
KNL,262.800001,-13.659998999999997,-5.20
KNOP,128.16,-12.660000999999998,-9.88
KNX,299.09082,35.022223999999994,11.71
KO,665.3674950000001,42.26750899999998,6.35
KODK,52.650001,-5.380001,-10.22
KOF,588.880825,68.930844,11.71
KOP,435.699996,-0.3100059999999871,-0.07
KOS,107.25000000000001,-12.290000000000008,-11.46
KR,249.820625,31.848123,12.75
KRA,200.14999799999998,6.360002999999992,3.18
KRC,588.5849969999999,57.322501999999986,9.74
KREF,119.579998,-10.780001000000002,-9.01
KRG,331.56000199999994,-11.060000999999993,-3.34
KRO,137.794997,3.3100040000000046,2.40
KRP,36.15,-4.059999999999999,-11.23
KSM,242.25,-5.415000000000006,-2.24
KSS,975.0200049999999,10.458736000000002,1.07
KSU,1130.395004,35.61331999999999,3.15
KT,528.939997,-31.897491999999993,-6.03
KTB,30.5,6.68,21.90
KTF,323.925,-16.842499999999998,-5.20
KTH,480.789997,-10.359998000000004,-2.15
KTN,533.839995,-19.40999999999999,-3.64
KUKE,0,0,NaN
KW,219.54999899999999,-6.069999000000006,-2.76
KWR,978.0966700000001,172.37832400000002,17.62
KYN,238.279998,4.570005000000002,1.92
L,540.199998,48.29417000000001,8.94
LAC,26.599999999999998,2.270000000000001,8.53
LAD,887.519995,209.60500000000002,23.62
LADR,68.97,4.670000000000011,6.77
LAIX,0,0,NaN
LAZ,396.65000499999996,1.0299950000000209,0.26
LB,608.018876,87.31438800000004,14.36
LBRT,9.47,-1.8200000000000003,-19.22
LC,40.110001,-0.7000010000000021,-1.75
LCI,125.95999900000001,-15.341665000000004,-12.18
LCII,702.2537480000001,58.49750500000002,8.33
LDL,396.76249999999993,19.649168000000007,4.95
LDOS,683.668642,-10.422229000000002,-1.52
LDP,193.030002,-0.780003999999991,-0.40
LEA,683.860004,106.830002,15.62
LEAF,55.932221,-2.6476180000000014,-4.73
LEAP,0,0,NaN
LEE,336.385001,17.229999999999993,5.12
LEG,784.072502,12.023751000000004,1.53
LEJU,7.9399999999999995,-0.9899999999999998,-12.47
LEN,676.056345,43.76498,6.47
LEO,289.35249999999996,-9.662500000000003,-3.34
LEVI,16.139999,3.600000999999999,22.30
LFC,197.51627399999998,22.810395000000014,11.55
LFT,17.13,-1.2399999999999984,-7.24
LGF.B,0,0,NaN
LGI,180.25000000000003,-3.0800010000000064,-1.71
LGVW,0,0,NaN
LH,1578.1249999999998,-32.54749499999997,-2.06
LHX,1117.0190840000002,73.22036700000001,6.55
LII,872.514998,188.242502,21.57
LIN,1149.815005,145.30124000000006,12.64
LINX,6.83,0.15000000000000036,2.20
LITB,9.209999999999999,0.77,8.36
LL,234.609998,3.7800039999999946,1.61
LLY,1613.939372,204.190615,12.65
LMND,0,0,NaN
LMT,2221.459635,74.84064599999994,3.37
LNC,692.8487510000001,63.79250599999998,9.21
LND,40.00999999999999,-2.5200000000000014,-6.30
LNFA,0,0,NaN
LNN,1712.5692020000004,-57.03798900000004,-3.33
LOKB,0,0,NaN
LOMA,5.91,-0.6400000000000006,-10.83
LOW,971.2776559999998,108.58563000000001,11.18
LPG,61.12,-3.67,-6.00
LPI,907.950006,3.3499929999999907,0.37
LPL,218.33999999999997,-5.310000000000004,-2.43
LPX,487.3866690000001,0.4658329999999964,0.10
LRN,177.59999900000003,-7.459996000000004,-4.20
LSI,348.081664,48.894999999999996,14.05
LSPD,0,0,NaN
LTC,624.1981929999998,0.6186270000000249,0.10
LTHM,20.12,-2.49,-12.38
LU,0,0,NaN
LUB,318.44166800000005,-10.032508000000014,-3.15
LUMN,692.7104179999999,8.661785999999985,1.25
LUV,485.21133199999997,32.29265600000001,6.66
LVS,563.939999,15.320010000000018,2.72
LW,219.809998,-15.299999999999997,-6.96
LXP,197.797502,1.5274989999999953,0.77
LXU,477.5250019999999,-20.964999000000006,-4.39
LYB,577.459999,56.97999500000002,9.87
LYG,278.57999900000004,-0.48000199999999604,-0.17
LYV,273.72,35.089997000000004,12.82
LZB,583.8425009999999,-33.061662999999974,-5.66
M,277.68875099999997,53.178748,19.15
MA,538.2149850000001,227.98201,42.36
MAA,1104.187494,53.697517000000005,4.86
MAC,685.6186140000001,55.882363,8.15
MAIN,464.22999799999997,-26.160001,-5.64
MAN,1170.224991,-30.80748600000001,-2.63
MANU,121.020002,-10.180002000000005,-8.41
MAS,430.221848,-22.44283100000002,-5.22
MATX,612.745036,-4.387757999999991,-0.72
MAV,168.5,1.989999999999986,1.18
MAX,0,0,NaN
MAXR,591.459994,-47.469988,-8.03
MBI,828.9650029999999,-28.675002,-3.46
MBT,240.56399900000002,2.017002999999997,0.84
MC,64.230001,28.279997,44.03
MCA,303.10999999999996,3.7325,1.23
MCB,116.349998,-1.5600010000000069,-1.34
MCD,1543.623348,265.41726100000005,17.19
MCI,248.416247,-11.034994999999995,-4.44
MCK,1323.189987,88.45500900000005,6.68
MCN,113.77000000000001,-5.619999999999999,-4.94
MCO,750.8549989999999,172.942494,23.03
MCR,250.67499999999998,-17.964999999999996,-7.17
MCS,478.13638699999996,-6.395368999999995,-1.34
MCY,761.662502,40.65124600000001,5.34
MD,510.343756,6.115614000000001,1.20
MDC,505.249228,27.706186000000017,5.48
MDLA,30.58,-3.1399989999999995,-10.27
MDLQ,71.32,-10.219996999999996,-14.33
MDLX,93.84899899999999,-10.28599899999999,-10.96
MDLY,130.299999,0.600003000000001,0.46
MDP,1172.747496,-19.474976999999974,-1.66
MDT,1167.1784510000002,20.235938999999973,1.73
MDU,343.97925799999996,24.38753099999999,7.09
MEC,9.74,5.66,58.11
MED,373.957501,224.152507,59.94
MEG,0,0,NaN
MEI,351.65926200000007,-4.382704000000004,-1.25
MEN,319.6575,-0.3825000000000056,-0.12
MET,437.26484500000004,20.187920000000005,4.62
MFA,89.70750000000001,-0.23750000000000027,-0.26
MFC,302.29499500000003,5.365008999999992,1.77
MFD,209.690001,-10.739999999999991,-5.12
MFG,33.96,-2.01,-5.92
MFGP,24.360001,-2.720002000000001,-11.17
MFL,208.575,-3.885,-1.86
MFM,263.3875,-14.482499999999998,-5.50
MFT,247.995,-5.267500000000004,-2.12
MFV,210.85500000000005,-5.342500000000001,-2.53
MG,203.6,-4.879999,-2.40
MGA,497.22812799999997,18.056243000000002,3.63
MGF,199.36749999999995,-12.254999999999999,-6.15
MGM,397.508127,54.786247,13.78
MGP,180.910003,-8.040002000000001,-4.44
MGR,26.309999,0.8700009999999985,3.31
MGRB,0,0,NaN
MGU,175.76999700000005,11.900005000000004,6.77
MGY,45.36000000000001,-3.01,-6.64
MHD,260.652503,-2.5700020000000023,-0.99
MHE,277.09499999999997,6.8750000000000036,2.48
MHF,318.30250000000007,-2.807499999999999,-0.88
MHI,147.13,-5.090000000000003,-3.46
MHK,1220.878331,115.40334,9.45
MHLA,142.430001,-11.279997999999992,-7.92
MHN,247.84,-8.065000000000005,-3.25
MHNC,202.109997,-19.479991999999985,-9.64
MHO,460.0162439999999,31.812505999999996,6.92
MIC,220.489997,-8.889993000000004,-4.03
MIE,93.98000000000002,-10.239998999999996,-10.90
MIN,207.54000000000002,-18.862500000000004,-9.09
MITT,129.049998,-12.439997999999981,-9.64
MIXT,35.06,8.86,25.27
MIY,291.51000000000005,-1.9149999999999974,-0.66
MKC,459.3112520000001,76.147809,16.58
MKL,5294.590058,799.062392,15.09
MLI,505.0274999999999,16.673755999999997,3.30
MLM,2308.4050049999996,32.63501199999996,1.41
MLP,347.889998,-15.66249400000001,-4.50
MLR,401.60499999999996,-1.7574970000000079,-0.44
MMC,827.6875059999999,36.38749499999999,4.40
MMD,135.780001,-9.980001000000001,-7.35
MMI,233.92000399999998,-4.380008000000004,-1.87
MMM,1763.9112470000002,133.63000300000004,7.58
MMP,478.13999699999994,27.70501000000001,5.79
MMS,592.854376,47.992492,8.10
MMT,168.005,-13.909999999999997,-8.28
MMU,280.065,-3.495000000000026,-1.25
MN,44.09,-1.9899999999999998,-4.51
MNP,295.9875,-1.3875000000000064,-0.47
MNR,217.6825,10.950000000000001,5.03
MNRL,13.39,0.46999999999999886,3.51
MNSO,0,0,NaN
MO,505.838343,52.409982,10.36
MOD,440.3274980000001,2.0625040000000023,0.47
MODN,94.699998,-0.23999799999999638,-0.25
MOGU,0,0,NaN
MOH,585.703327,-72.34665999999999,-12.35
MOS,734.1574979999999,31.92000199999999,4.35
MOTV,0,0,NaN
MOV,316.49166800000006,1.781246999999997,0.56
MP,0,0,NaN
MPA,301.53999999999996,-8.465000000000009,-2.81
MPC,331.61500500000005,0.6099980000000045,0.18
MPLN,0,0,NaN
MPLX,203.479997,-17.799995000000006,-8.75
MPV,218.1325,1.9125000000000014,0.88
MPW,175.38000000000002,-2.840001999999995,-1.62
MPX,113.68888899999999,12.151112,10.69
MQT,274.84250000000003,0.8574999999999982,0.31
MQY,294.205,-3.832500999999997,-1.30
MRC,133.609997,-10.529998999999998,-7.88
MRK,1126.618339,36.39664500000001,3.23
MRO,329.073642,17.37593000000001,5.28
MS,611.361259,78.09874100000002,12.77
MSA,727.624994,90.51834599999998,12.44
MSB,247.759997,17.75999999999999,7.17
MSC,19.450001,-1.9500010000000003,-10.03
MSCI,489.880003,343.339994,70.09
MSD,191.23,-7.4125,-3.88
MSGE,0,0,NaN
MSGN,106.13475199999999,7.4328550000000035,7.00
MSGS,713.601639,2.1816859999999565,0.31
MSI,1064.476897,157.44941099999994,14.79
MSM,982.6349889999999,13.92501399999999,1.42
MSP,0,0,NaN
MT,662.812504,7.9299999999999855,1.20
MTB,2793.043745,219.431262,7.86
MTCN,0,0,NaN
MTD,4779.662428,714.1276499999999,14.94
MTDR,124.970002,2.769999000000002,2.22
MTG,781.8699880000001,6.750015000000021,0.86
MTH,613.048747,41.630626,6.79
MTL,120.026665,44.10667100000001,36.75
MTN,881.424992,247.06001400000002,28.03
MTOR,303.65000000000003,-6.430000999999997,-2.12
MTR,502.27499900000004,30.625003000000003,6.10
MTRN,863.414995,-21.35999799999999,-2.47
MTT,260.18999899999994,-2.999995999999996,-1.15
MTW,171.195142,36.21757199999999,21.16
MTX,783.244693,-19.869692000000008,-2.54
MTZ,305.237779,73.611111,24.12
MUA,253.335,4.979999999999997,1.97
MUC,196.935,-4.795000000000009,-2.43
MUE,193.57,-9.310000000000002,-4.81
MUFG,80.93999999999998,1.2599999999999971,1.56
MUH,194.45,1.0275000000000016,0.53
MUI,197.12,-7.770002000000007,-3.94
MUJ,195.72249999999997,0.7575000000000038,0.39
MUR,912.8309849999999,-11.353655999999987,-1.24
MUS,180.14000000000001,1.8399999999999928,1.02
MUSA,544.869995,17.340015000000022,3.18
MUX,41.21200000000001,4.064,9.86
MVF,264.96999999999997,-8.085000000000004,-3.05
MVO,145.42,6.229998,4.28
MVT,310.42749800000007,-1.8174969999999977,-0.59
MWA,123.92,-4.129999999999999,-3.33
MX,101.23,-10.71,-10.58
MXE,231.9225,14.792500999999994,6.38
MXF,502.556667,-1.6380440000000185,-0.33
MXL,92.689998,18.35,19.80
MYC,299.77750000000003,-5.619999000000002,-1.87
MYD,283.1125,3.487499999999997,1.23
MYE,404.129908,-15.564173,-3.85
MYF,343.397499,-8.84249900000001,-2.58
MYI,308.8450000000001,-5.304999999999994,-1.72
MYJ,334.9174990000001,-13.187499000000004,-3.94
MYN,339.67749999999995,-9.665000000000003,-2.85
MYOV,65.97,5.280000999999999,8.00
MYTE,0,0,NaN
MZA,324.5375,-2.0400009999999913,-0.63
NAC,301.56500000000005,-6.404999999999987,-2.12
NAD,242.47750000000002,-10.627500000000001,-4.38
NAN,287.905,-9.145,-3.18
NAT,364.65320099999997,-6.1999379999999995,-1.70
NAV,1128.3125049999999,-20.47500799999999,-1.81
NAZ,312.6175,-2.9275,-0.94
NBB,122.41999899999999,-2.2600020000000036,-1.85
NBHC,186.19000100000002,33.62999700000002,18.06
NBR,15316.412498,-144.27249899999998,-0.94
NC,265.819824,27.148121999999994,10.21
NCA,416.75250000000005,-20.392500000000013,-4.89
NCB,130.860001,-5.690001000000004,-4.35
NCLH,339.329997,29.32000399999998,8.64
NCR,398.7924990000001,-20.777496,-5.21
NCV,138.74,-7.670000000000003,-5.53
NCZ,129.76999999999998,-9.310000000000002,-7.17
NDMO,0,0,NaN
NDP,814.8799899999999,-71.27997099999989,-8.75
NEA,195.75000000000003,-6.770000000000007,-3.46
NEE,251.492813,89.45656200000002,35.57
NEM,1288.4824989999997,-60.577501999999974,-4.70
NEP,160.35999800000002,32.57000299999999,20.31
NET,0,0,NaN
NEU,3736.8050240000007,160.6133299999999,4.30
NEV,115.11,-5.2400000000000055,-4.55
NEW,20.35,-2.780000000000001,-13.66
NEWR,302.109997,25.340004000000015,8.39
NEX,38.970001999999994,-4.670001999999997,-11.98
NEXA,15.87,1.290000000000001,8.13
NFG,694.1325080000001,50.79624000000002,7.32
NFH,17.82,0.0799999999999983,0.45
NFJ,192.76000200000001,-7.64000199999999,-3.96
NGA,0,0,NaN
NGG,656.981917,-27.19893499999999,-4.14
NGL,72.570001,5.809998999999996,8.01
NGS,173.38,0.5099979999999942,0.29
NGVC,79.4,-6.220000000000001,-7.83
NGVT,66.309998,3.529998000000006,5.32
NHA,49.18599999999999,0.06400000000000716,0.13
NHF,203.15999799999997,-7.109998999999995,-3.50
NHI,778.285009,-13.420011000000002,-1.72
NI,159.912065,16.770368999999995,10.49
NID,77.80999999999999,2.4200000000000017,3.11
NIE,185.35999800000002,7.349998000000003,3.97
NIM,292.3475,-13.41000000000001,-4.59
NINE,0,0,NaN
NIO,8.96,50.53,563.95
NIQ,65.02,2.6999999999999975,4.15
NJR,410.9594430000001,32.529449,7.92
NJV,102.649999,-1.5199990000000003,-1.48
NKE,421.010239,84.08561700000001,19.97
NKG,187.16000000000003,-12.210000000000003,-6.52
NKX,183.57,-3.7500000000000053,-2.04
NL,361.530001,-27.502500999999995,-7.61
NLS,100.09,6.160000999999998,6.15
NLSN,248.55000299999998,-2.6800019999999947,-1.08
NLY,288.472502,-11.034997999999995,-3.83
NM,755.4999899999998,-45.84998499999999,-6.07
NMCO,13.98,0.05999999999999872,0.43
NMI,383.525,-20.064999999999998,-5.23
NMM,1211.229998,-97.65999399999998,-8.06
NMR,150.079997,-6.389997000000006,-4.26
NMS,59.35,-2.8679999999999986,-4.83
NMT,321.79749999999996,-2.8675000000000175,-0.89
NMY,238.49500099999997,-2.6225010000000086,-1.10
NMZ,130.60000000000002,0.7899999999999991,0.60
NNA,142.35,-5.390001,-3.79
NNI,457.689998,28.01000599999999,6.12
NNN,546.952496,1.4375029999999995,0.26
NNY,310.18999999999994,-22.099999999999994,-7.12
NOA,58.629999999999995,5.8700000000000045,10.01
NOAH,201.29999800000002,26.349997,13.09
NOC,1103.011462,220.55948600000005,20.00
NOK,0,0,NaN
NOM,343.11999700000007,-9.62749599999998,-2.81
NOMD,84.880001,5.729996,6.75
NOV,592.016744,11.391938000000009,1.92
NOVA,0,0,NaN
NOW,206.779994,499.02001299999995,241.33
NP,534.440003,15.229994000000012,2.85
NPK,1589.107504,-14.61750699999999,-0.92
NPN,105.11999999999999,-2.51,-2.39
NPO,662.500007,21.429998000000026,3.23
NPTN,77.83000000000001,-5.48,-7.04
NPV,377.16250299999984,-18.905002999999986,-5.01
NQP,401.10749999999996,-9.504999999999981,-2.37
NR,162.40256,-3.3405370000000003,-2.06
NREF,16.200001,0.5599990000000012,3.46
NRG,276.16999799999996,-11.119999999999997,-4.03
NRGX,0,0,NaN
NRK,243.98000000000002,-10.95999999999999,-4.49
NRP,2368.8300000000004,-129.340003,-5.46
NRT,533.2700010000001,-19.855000999999994,-3.72
NRUC,26.940001,0.2199990000000014,0.82
NRZ,71.020001,-0.42999999999999616,-0.61
NS,549.7000009999999,47.21000600000002,8.59
NSA,112.950001,-2.6500019999999935,-2.35
NSC,1459.4941640000002,38.90168000000003,2.67
NSCO,4.54,-0.5499999999999998,-12.11
NSH,0,0,NaN
NSL,71.24999999999999,0.4200000000000017,0.59
NSP,384.729997,57.54000100000001,14.96
NSS,177.500002,-13.66000399999999,-7.70
NTB,69.95999900000001,-5.559998,-7.95
NTCO,0,0,NaN
NTG,1654.800003,-145.60002100000003,-8.80
NTP,201.36348499999997,-5.381059999999996,-2.67
NTR,203.81999900000002,-6.849993999999995,-3.36
NTST,0,0,NaN
NTZ,771.9125000000001,-73.26249700000001,-9.49
NUE,874.53063,-11.43875599999999,-1.31
NUM,292.494998,-7.952498000000006,-2.72
NUO,361.91499600000003,-8.41749599999999,-2.33
NUS,437.46500499999996,82.057501,18.76
NUV,235.795,-7.742500000000009,-3.28
NUW,150.02999499999999,-6.809995999999998,-4.54
NVG,204.45,-8.939999000000014,-4.37
NVGS,85.84,-6.430000000000003,-7.49
NVO,398.503249,52.685748999999994,13.22
NVR,14818.019988,2430.370026,16.40
NVRO,239.26000299999998,-26.22000999999998,-10.96
NVS,881.4609710000001,42.618167000000014,4.83
NVST,26.82,9.630001,35.91
NVT,75.719999,-6.32,-8.35
NVTA,71.79,30.819999,42.93
NWG,82.36,-6.480000000000004,-7.87
NWHM,44.60999999999999,-4.839999999999999,-10.85
NWN,1012.505011,14.229145000000031,1.41
NX,431.0611120000001,-18.903329999999993,-4.39
NXC,390.36750000000006,-9.617499999999986,-2.46
NXJ,154.23999999999998,-5.050000000000008,-3.27
NXN,386.84250000000003,-12.772500000000004,-3.30
NXP,348.41249999999997,3.727499999999992,1.07
NXQ,334.9725,7.512502999999995,2.24
NXR,418.757501,14.69999300000002,3.51
NXRT,56.140002,12.899998999999994,22.98
NYC,0,0,NaN
NYCB,240.135625,12.696876000000003,5.29
NYT,743.8225059999999,7.35498699999998,0.99
NYV,89.16,-2.849999999999998,-3.20
NZF,214.62999999999997,-6.480000000000004,-3.02
O,460.907504,8.838743000000001,1.92
OACB,0,0,NaN
OC,394.04999900000007,21.27000899999998,5.40
OCA,0,0,NaN
OCFT,0,0,NaN
OCN,903.139029,491.317957,54.40
ODC,608.3080009999998,-7.898004,-1.30
OEC,50.290001,11.079998000000002,22.03
OFC,387.687505,13.629992000000016,3.52
OFG,224.74976999999996,26.100126,11.61
OGE,303.937501,19.301244999999998,6.35
OGS,73.129997,0.33000199999999325,0.45
OHI,354.79999799999996,27.917507999999998,7.87
OI,434.37999999999994,31.667501,7.29
OIA,228.38750000000005,-2.719999999999999,-1.19
OII,267.617498,35.428748,13.24
OIS,386.061427,0.28143400000000085,0.07
OKE,440.422081,47.053832000000014,10.68
OLN,647.9000340000001,-2.3922630000000105,-0.37
OLP,557.8549960000001,-23.309995999999995,-4.18
OMC,1126.0887489999998,55.20749100000001,4.90
OMF,129.75,5.510002,4.25
OMI,469.174637,9.095110000000023,1.94
ONE,0,0,NaN
ONTO,39.639999,20.130001,50.78
OOMA,44.69,-1.3199999999999985,-2.95
OPP,55.69,-7.289999999999994,-13.09
OPY,565.969997,19.552498999999994,3.45
OR,32.43,-1.5500000000000007,-4.78
ORA,417.510001,60.13999800000001,14.40
ORAN,362.5499949999999,19.745008,5.45
ORC,73.17,-6.300000000000002,-8.61
ORCC,0,0,NaN
ORCL,526.604981,45.971762999999974,8.73
ORI,323.39416,11.162668999999994,3.45
ORN,91.76000000000002,6.999999999999998,7.63
OSG,12.99,-1.5699999999999998,-12.09
OSH,0,0,NaN
OSK,665.2866750000001,54.95206799999998,8.26
OTIS,0,0,NaN
OUT,137.609998,-15.619996000000008,-11.35
OVV,1623.0299690000002,-238.60995899999992,-14.70
OXM,781.307501,22.176253000000024,2.84
OXY,898.171405,-41.496357,-4.62
PAC,1071.3600020000001,2.490004000000013,0.23
PACE,0,0,NaN
PACK,23.58,19.44,82.44
PAG,524.752494,-24.52625000000001,-4.67
PAGS,65.340002,14.189996999999998,21.72
PAI,363.0325000000001,-7.885000000000002,-2.17
PAM,31.080000000000005,-2.150000000000004,-6.92
PANA,0,0,NaN
PANW,1535.400001,172.04000099999996,11.20
PAR,193.77833199999998,64.42500100000001,33.25
PARR,150.21,-6.290003999999989,-4.19
PAYC,311.40001,113.759994,36.53
PB,905.4100000000001,-10.649999000000008,-1.18
PBA,226.809999,-23.319999,-10.28
PBB,50.303999000000005,-3.8239990000000006,-7.60
PBC,25.35,0.629999999999999,2.49
PBF,239.71999999999997,-15.729997999999991,-6.56
PBFX,215.190002,-25.330002000000007,-11.77
PBH,213.76,16.349999000000007,7.65
PBI,443.20750400000003,30.637495,6.91
PBR,167.32750099999998,26.65000100000001,15.93
PBT,196.46000100000003,4.6899970000000035,2.39
PBY,50.460001,-4.342001,-8.60
PCF,216.18250000000003,-8.56499999999999,-3.96
PCG,527.687497,44.697492999999994,8.47
PCGU,0,0,NaN
PCI,86.789999,-3.4399989999999967,-3.96
PCK,144.06000000000003,-6.820000000000004,-4.73
PCM,308.79749999999996,-9.37999999999999,-3.04
PCN,264.000004,-9.520005999999992,-3.61
PCPC,0,0,NaN
PCPL,0,0,NaN
PCQ,192.789999,0.7800029999999936,0.40
PD,63.64999900000001,-8.189998000000003,-12.87
PDAC,0,0,NaN
PDI,117.349996,-2.979995000000006,-2.54
PDM,137.200001,-10.130000000000003,-7.38
PDO,0,0,NaN
PDS,201.59875,5.8125,2.88
PDT,245.654999,3.5900009999999973,1.46
PEAK,604.318559,19.06259999999998,3.15
PEB,142.17,15.420002,10.85
PEG,898.3950010000001,27.081242999999986,3.01
PEI,614.7024999999999,-2.7224999999999966,-0.44
PEN,288.699997,-31.819998999999996,-11.02
PEO,654.428328,-26.789999,-4.09
PFD,255.08999899999998,-0.23000100000000145,-0.09
PFE,684.0346370000001,27.470788999999968,4.02
PFGC,128.840001,10.709998000000006,8.31
PFH,0,0,NaN
PFL,139.399999,-6.609999,-4.74
PFN,97.01,-3.779999,-3.90
PFO,256.37749999999994,-6.140000000000004,-2.39
PFS,305.08999900000003,-13.049999999999997,-4.28
PFSI,110.63000600000001,26.679994,24.12
PG,1510.857509,140.18246599999998,9.28
PGP,192.15000200000003,-7.580000999999996,-3.94
PGR,337.091941,53.03139300000001,15.73
PGRE,105.27999799999999,-10.319998000000004,-9.80
PGTI,131.39000099999998,8.669999,6.60
PGZ,89.360003,-10.650002999999996,-11.92
PH,2196.231464,68.85930199999999,3.14
PHD,98.900001,-3.170000999999999,-3.21
PHG,504.28625300000004,71.72187299999999,14.22
PHI,958.2415160000002,25.550219999999985,2.67
PHK,146.97,-8.770000000000005,-5.97
PHM,379.60749999999996,10.115001999999997,2.66
PHR,30.18,-3.16,-10.47
PHT,158.35000200000002,2.720000999999991,1.72
PHX,209.17208299999996,-6.41604199999999,-3.07
PIAI,0,0,NaN
PII,627.9187499999999,141.93147299999998,22.60
PIM,159.80749999999998,-8.582500000000007,-5.37
PINE,0,0,NaN
PING,29.870001,2.850000000000005,9.54
PINS,24.77,49.100003,198.22
PIPP,0,0,NaN
PIPR,640.119991,4.510005000000035,0.70
PJT,117.88999799999999,35.060002000000004,29.74
PK,78.170003,-7.070002000000002,-9.04
PKE,667.6150020000001,-53.41334299999999,-8.00
PKG,494.76000500000004,101.29999300000001,20.47
PKI,772.5099989999999,103.90000100000002,13.45
PKO,309.61,-1.1900040000000125,-0.38
PKX,1099.915,30.60749800000002,2.78
PLAN,98.14000300000001,22.27999599999999,22.70
PLD,802.942495,62.70000299999998,7.81
PLNT,242.639994,29.10001099999998,11.99
PLOW,259.320001,-16.109997000000007,-6.21
PLT,544.3616670000001,18.768337000000013,3.45
PLTR,0,0,NaN
PLYM,30.679999000000002,-2.939999000000002,-9.58
PM,969.1500010000001,-4.2600099999999514,-0.44
PMF,199.78000000000003,-7.9800000000000075,-3.99
PML,193.96,-4.770000000000017,-2.46
PMM,181.725,-7.080000000000005,-3.90
PMO,212.47750000000002,-6.227500000000006,-2.93
PMT,165.63999799999996,-9.309999000000008,-5.62
PMVC,0,0,NaN
PMX,202.48,-12.400000000000023,-6.12
PNC,1788.377497,57.02749399999999,3.19
PNF,205.86,-4.780000000000005,-2.32
PNI,161.46,-3.1399999999999952,-1.94
PNM,362.720003,52.029993999999995,14.34
PNR,591.102077,21.621893000000014,3.66
PNW,814.349994,35.17500299999998,4.32
POR,235.979998,32.959998999999996,13.97
POST,317.36000099999995,-15.120002999999983,-4.76
PPG,1002.0174989999999,-14.955005999999997,-1.49
PPL,582.567089,-10.093701,-1.73
PPR,92.08000000000001,-0.20250000000000057,-0.22
PPT,183.95749999999998,-8.359999999999992,-4.54
PPX,126.750001,-12.769997999999998,-10.07
PQG,45.7,-3.1899999999999977,-6.98
PRA,539.2862430000001,40.49000099999999,7.51
PRG,348.03191799999996,14.572029999999991,4.19
PRGO,690.2837380000001,96.37875399999999,13.96
PRI,489.730001,84.49001199999998,17.25
PRLB,495.06000600000004,-2.390008999999978,-0.48
PRMW,0,0,NaN
PRO,242.120001,24.820000999999998,10.25
PROS,12.75,-0.25,-1.96
PRPB,0,0,NaN
PRS,27.299999,0.0200010000000006,0.07
PRSP,46.450001,3.1200009999999985,6.72
PRT,0,0,NaN
PRTY,55.84,-1.810000000000004,-3.24
PRU,929.3200049999999,32.939999000000036,3.54
PSA,1302.617494,45.63250799999997,3.50
PSB,989.0075000000002,128.48501000000005,12.99
PSF,184.87999699999997,-9.199996999999996,-4.98
PSN,77.659999,-6.929999000000002,-8.92
PSO,180.91500000000002,19.479999000000007,10.77
PSTG,110.92,-7.8699990000000035,-7.10
PSTH,0,0,NaN
PSTL,32.780001,-2.0600019999999972,-6.28
PSX,505.539993,1.4200150000000065,0.28
PSXP,380.67999900000007,-53.74000100000001,-14.12
PTA,0,0,NaN
PTR,979.489982,40.130014,4.10
PTY,185.660004,-6.020002000000005,-3.24
PUK,315.120002,35.66999300000001,11.32
PUMP,59.309999,-5.109998999999997,-8.62
PVG,94.36,-8.269999999999998,-8.76
PVH,1238.0875090000002,48.07249499999999,3.88
PVL,35.83,-4.51,-12.59
PWR,457.034997,25.68167399999998,5.62
PXD,1006.982509,46.707479999999975,4.64
PYN,119.73000000000002,-5.169999999999998,-4.32
PYS,258.35000099999996,-5.029996999999998,-1.95
PYT,213.039999,9.239997999999993,4.34
PZC,112.25,-2.419999999999998,-2.16
PZN,104.6,-9.779999999999992,-9.35
QD,7.18,-0.8099999999999996,-11.28
QEP,170.440004,-19.400003999999996,-11.38
QGEN,330.90538999999995,32.03109399999998,9.68
QS,0,0,NaN
QSR,281.469996,9.029998999999997,3.21
QTS,256.590001,1.1999950000000155,0.47
QTWO,222.12,66.91000199999999,30.12
QUAD,138.500001,-7.770000999999996,-5.61
QUOT,87.28999999999999,-6.350000000000003,-7.27
QVCC,0,0,NaN
QVCD,24.73,0.890000999999998,3.60
R,967.910004,30.794996000000026,3.18
RA,85.456001,-8.296001000000008,-9.71
RACE,337.149991,129.72999900000002,38.48
RAD,3382.240002,72.67500700000004,2.15
RAMP,496.19499900000005,43.375629,8.74
RBA,364.509164,23.679584,6.50
RBAC,0,0,NaN
RBC,1265.9250069999998,13.242468999999971,1.05
RC,110.529998,-9.259998000000008,-8.38
RCA,0,0,NaN
RCB,22.395,2.9149990000000017,13.02
RCI,478.01125999999994,25.306235,5.29
RCL,931.559995,14.347513000000006,1.54
RCP,101.71000099999999,-10.54000099999999,-10.36
RCS,229.66250000000002,-11.522500000000004,-5.02
RCUS,10.23,-1.1100000000000012,-10.85
RDN,588.222505,13.893734999999992,2.36
RDY,365.6899930000001,13.470011,3.68
RE,2189.020005,84.1600050000001,3.84
RELX,262.42062599999997,0.31062100000000115,0.12
RENN,457.14999900000004,-58.37999199999998,-12.77
RES,73.682345,20.806338,28.24
REV,1285.902074,-131.29341399999993,-10.21
REVG,67.229999,-4.669998000000005,-6.95
REX,655.7544419999999,21.830000999999996,3.33
REXR,63.020002,29.19999500000001,46.33
REZI,13.6,-2.49,-18.31
RF,423.79694299999994,13.258294999999997,3.13
RFI,338.894997,-8.519998,-2.51
RFL,18.690001,-2.140001999999999,-11.45
RFM,0,0,NaN
RFP,98.18000200000002,-5.090002000000002,-5.18
RGA,924.9399990000001,30.129973999999947,3.26
RGR,514.951252,91.63123600000002,17.79
RGS,439.642504,-8.65207800000001,-1.97
RGT,48.76,-0.7499999999999982,-1.54
RH,435.23,256.04999100000003,58.83
RHI,595.9101340000001,20.09277100000002,3.37
RHP,830.0374939999999,15.772510999999987,1.90
RICE,0,0,NaN
RIG,899.1655549999998,54.854850999999954,6.10
RIO,579.354377,71.51,12.34
RIV,68.532173,-4.574562,-6.68
RJF,738.0496410000001,38.813423000000014,5.26
RKT,0,0,NaN
RL,1326.12,-45.19998100000001,-3.41
RLGY,144.619998,-8.439999000000004,-5.84
RLH,112.14250000000003,-2.3125,-2.06
RLI,520.716872,73.38687600000002,14.09
RLJ,129.609999,-12.269998999999999,-9.47
RLX,0,0,NaN
RM,127.70999800000001,6.4900040000000025,5.08
RMAX,196.69999900000002,13.899998999999994,7.07
RMD,516.62625,206.636868,40.00
RMI,43.099998,0.3200000000000003,0.74
RMM,18.5,0.20000100000000032,1.08
RMO,0,0,NaN
RMT,243.73062500000003,13.564375,5.57
RNG,37.110001,380.189999,1024.49
RNGR,12.5,-1.2599999999999998,-10.08
RNP,239.94999399999998,5.550004000000001,2.31
RNR,1838.418337,-67.23251899999991,-3.66
ROG,1178.085002,51.78250000000004,4.40
ROK,1926.807489,33.570010000000025,1.74
ROL,55.160772,20.016122,36.29
ROP,1583.5625250000003,399.738723,25.24
RPAI,143.02,-8.070000000000007,-5.64
RPLA,0,0,NaN
RPM,738.672889,7.710384999999988,1.04
RPT,400.554998,-12.532499999999995,-3.13
RQI,175.68999900000006,4.559999999999993,2.60
RRC,409.59083499999997,37.110834999999994,9.06
RRD,743.7549950000002,-9.987496999999989,-1.34
RS,779.014964,52.970446999999965,6.80
RSF,16.423,0.5609990000000025,3.42
RSG,467.086665,38.24501199999999,8.19
RSI,0,0,NaN
RTP,0,0,NaN
RTPZ,0,0,NaN
RTX,693.7015980000001,52.293497,7.54
RVI,0,0,NaN
RVLV,41.289998999999995,13.280001000000002,32.16
RVT,255.797491,8.165201999999997,3.19
RWT,307.635001,17.57999800000001,5.71
RXN,238.379998,42.549996999999976,17.85
RY,760.5343700000001,15.740006999999991,2.07
RYAM,74.269999,-4.889998000000002,-6.58
RYB,41.740002000000004,-5.300004000000001,-12.70
RYI,73.03,-0.8699999999999992,-1.19
RYN,336.31874200000004,2.3086949999999966,0.69
RZA,225.93000099999998,-16.180001000000004,-7.16
RZB,81.889999,-5.659999999999997,-6.91
SA,160.690001,8.589997,5.35
SAF,24.84,0.8099999999999987,3.26
SAFE,57.150000999999996,53.720002,94.00
SAH,366.579997,-0.9024950000000089,-0.25
SAIC,472.820003,-22.270008000000004,-4.71
SAIL,49.380001,29.919999999999998,60.59
SAK,0,0,NaN
SALT,197.304832,-21.468401999999998,-10.88
SAM,992.102513,213.59997900000002,21.53
SAN,177.101602,5.7902700000000005,3.27
SAP,1682.372491,-18.019974999999974,-1.07
SAR,196.030002,-13.960003999999994,-7.12
SAVE,139.209999,32.42,23.29
SB,38.69,-2.329999999999999,-6.02
SBE,0,0,NaN
SBG,0,0,NaN
SBH,191.30999900000003,-10.38999800000001,-5.43
SBI,0,0,NaN
SBOW,68.040001,-7.340000000000009,-10.79
SBR,689.8625020000001,-5.367499999999993,-0.78
SBS,56.481666,10.566668,18.71
SBSW,39.240392,-0.9837249999999989,-2.51
SC,116.05000099999998,2.7799980000000026,2.40
SCCO,439.078333,33.001248,7.52
SCD,201.19000000000003,3.450003000000006,1.71
SCHW,397.581299,54.794072,13.78
SCI,255.52916800000003,39.226669,15.35
SCL,797.554368,-37.69686899999998,-4.73
SCM,91.49504800000001,-5.375048000000001,-5.87
SCPE,0,0,NaN
SCS,222.60999900000002,-16.399998999999994,-7.37
SCU,568.5300000000001,-64.2,-11.29
SCVX,0,0,NaN
SCX,618.527499,-69.00249899999999,-11.16
SD,22.970001,-0.5000019999999985,-2.18
SDHY,0,0,NaN
SE,14.75,223.789993,1517.22
SEAH,0,0,NaN
SEAS,108.029998,-2.499998999999999,-2.31
SEE,548.799531,29.747816,5.42
SEM,130.569998,-3.1299969999999995,-2.40
SF,314.94823800000006,19.93307,6.33
SFE,443.0300010000001,202.714999,45.76
SFL,279.34999999999997,-15.580000000000002,-5.58
SFTW,0,0,NaN
SFUN,577.3000030000001,308.199997,53.39
SGU,214.36499899999998,-6.07499800000001,-2.83
SHAK,199.22999599999997,49.54000100000001,24.87
SHG,232.734994,44.03500299999999,18.92
SHI,537.8199970000001,4.928342999999998,0.92
SHLX,107.219999,-12.79999800000001,-11.94
SHO,153.55,-3.7199999999999953,-2.42
SHOP,30.83,1204.519976,3906.97
SHW,2605.267503,621.4724740000001,23.85
SI,0,0,NaN
SID,65.961667,-2.0381260000000045,-3.09
SIG,626.9733349999999,79.69500199999999,12.71
SII,176.19999900000002,-7.859998999999998,-4.46
SITC,356.304746,82.14675100000004,23.06
SITE,156.099998,67.15999699999999,43.02
SIX,209.110001,19.029998,9.10
SJI,557.0885240000001,1.8727489999999918,0.34
SJIJ,25.98,-0.14000000000000057,-0.54
SJIU,107.29000099999999,-15.129996999999989,-14.10
SJM,1525.1900170000001,107.61496899999999,7.06
SJR,263.014999,5.339999999999993,2.03
SJT,310.21499900000003,15.595003000000004,5.03
SJW,719.624994,37.95667199999999,5.27
SKLZ,0,0,NaN
SKM,382.58598500000005,18.73705399999999,4.90
SKT,290.458124,3.227506,1.11
SKX,191.601666,13.095004,6.83
SKY,796.2825,-27.967499999999987,-3.51
SLB,1034.77501,74.511247,7.20
SLCA,48.75,14.730001,30.22
SLF,408.419998,18.110005,4.43
SLG,1043.640578,123.301257,11.81
SLQT,0,0,NaN
SM,560.2887470000001,-6.051244000000008,-1.08
SMAR,44.529999,-5.219997999999997,-11.72
SMFG,73.27000000000001,-1.149999999999996,-1.57
SMG,759.439999,172.624685,22.73
SMHI,0,0,NaN
SMLP,713.700012,-62.700012000000015,-8.79
SMM,62.669999,0.3799990000000051,0.61
SMP,696.5374999999999,-28.275003000000005,-4.06
SNA,1971.8891640000002,-47.775852000000015,-2.42
SNAP,45.68000000000001,36.709998999999996,80.36
SNDR,44.540001000000004,-4.820001999999999,-10.82
SNE,1086.907614,95.773416,8.81
SNN,378.795696,18.585358,4.91
SNOW,0,0,NaN
SNP,961.6584580000001,-4.124617999999991,-0.43
SNPR,0,0,NaN
SNR,24.189999999999998,-3.2299999999999986,-13.35
SNV,816.069362,59.67139299999997,7.31
SNX,374.00570200000004,39.718080000000015,10.62
SO,824.4369510000001,34.62227500000003,4.20
SOAC,0,0,NaN
SOGO,5.75,2.74,47.65
SOI,42.13,-3.8400000000000016,-9.11
SOJB,101.689999,-7.181999999999995,-7.06
SOJC,51.159999,-3.6000000000000014,-7.04
SOJD,0,0,NaN
SOJE,0,0,NaN
SOL,72.72999899999999,13.370000000000001,18.38
SOLN,51.451,-1.7210000000000036,-3.34
SON,812.711999,4.206222999999994,0.52
SOR,1230.9274980000002,23.88750899999998,1.94
SOS,0,0,NaN
SPB,1944.297328,-11.343130000000002,-0.58
SPCE,22.1,-3.1099999999999994,-14.07
SPE,302.56999800000006,-1.282498000000004,-0.42
SPFR,0,0,NaN
SPG,1144.4951399999998,88.96098700000003,7.77
SPGI,724.389375,292.97875700000003,40.44
SPH,521.98,10.377502000000007,1.99
SPLP,24.35,7.340000000000002,30.14
SPNV,0,0,NaN
SPOT,453.229996,164.349991,36.26
SPR,350.97,29.089998,8.29
SPRQ,0,0,NaN
SPXC,332.916368,16.85155499999999,5.06
SPXX,145.499999,-2.249999999999993,-1.55
SQ,303.70000300000004,181.98000000000002,59.92
SQM,331.951803,44.036027000000004,13.27
SQNS,52.68,-3.4200000000000035,-6.49
SQZ,0,0,NaN
SR,886.7399920000001,50.16001300000002,5.66
SRC,216.94305,-16.41870199999999,-7.57
SRE,886.3356220000001,13.34186800000002,1.51
SREA,26.610001,0.8499979999999994,3.19
SRG,180.25,-19.200000999999993,-10.65
SRI,256.4675,-6.272498000000006,-2.45
SRL,577.73624,41.072523000000025,7.11
SRLP,83.1,-0.11999799999999894,-0.14
SRT,194.8325,16.097501000000005,8.26
SRV,774.8100060000002,-52.94,-6.83
SSD,720.735616,1.0168839999999761,0.14
SSL,537.6299980000001,29.695002,5.52
SSTK,354.329998,-16.000004999999987,-4.52
ST,283.010003,16.689998000000003,5.90
STAG,141.630002,5.899996000000002,4.17
STC,685.493746,14.230005999999982,2.08
STE,1003.732503,280.63123600000006,27.96
STG,0,0,NaN
STIC,0,0,NaN
STK,200.64999999999998,-6.760000000000002,-3.37
STL,202.84,-0.7399950000000146,-0.36
STLA,51.372895,10.767631,20.96
STM,165.970415,34.67125300000001,20.89
STN,189.935,4.4799970000000044,2.36
STNG,188.469999,13.289998999999998,7.05
STON,225.28000100000003,-5.229998999999994,-2.32
STOR,130.6,9.419998,7.21
STPK,0,0,NaN
STT,950.10686,50.27502,5.29
STWD,182.308886,-6.389115999999998,-3.50
STZ,1408.10532,180.07748899999996,12.79
SU,522.468365,-1.753048000000014,-0.34
SUI,708.2899980000001,241.67750599999997,34.12
SUM,104.62804700000001,-7.566153,-7.23
SUN,150.32,-7.350000999999995,-4.89
SUP,688.517112,-16.950438999999996,-2.46
SUPV,0,0,NaN
SUZ,62.125,-0.3713329999999999,-0.60
SWCH,27.899999,6.610000999999999,23.69
SWI,18.709999,-4.529999,-24.21
SWK,1242.74001,108.56748600000003,8.74
SWM,622.121245,6.892504000000002,1.11
SWN,252.66510399999999,15.724690000000002,6.22
SWT,0,0,NaN
SWX,877.8774960000001,3.1550029999999936,0.36
SWZ,233.82250000000002,14.787501,6.32
SXC,48.86,2.7799999999999994,5.69
SXI,1164.857499,-32.86750000000001,-2.82
SXT,757.1708339999999,79.31916799999999,10.48
SYF,159.08,-17.060001000000003,-10.72
SYK,980.122919,202.77020800000003,20.69
SYX,245.27750000000003,26.455001,10.79
SYY,813.308129,13.59812300000003,1.67
SZC,344.050003,-3.8700019999999995,-1.12
T,719.3075000000001,14.663747000000022,2.04
TAC,154.57999900000002,4.840001000000004,3.13
TACA,0,0,NaN
TAK,287.38999900000005,-24.379994999999994,-8.48
TAL,45.208335000000005,78.011662,172.56
TALO,28.33,-4.149999999999999,-14.65
TAP,975.8018729999999,33.10063000000003,3.39
TARO,1439.5487429999998,35.68502300000003,2.48
TBA,0,0,NaN
TBB,51.510000000000005,2.0700019999999952,4.02
TBC,27.290001,0.43999900000000025,1.61
TBI,369.433711,-12.080373999999999,-3.27
TCI,368.35999899999996,-26.685000999999993,-7.24
TCP,562.8125049999999,-13.302510000000005,-2.36
TCS,34.86,8.93,25.62
TD,650.03124,30.016263000000016,4.62
TDA,143.369999,-7.98,-5.57
TDC,326.90999999999997,22.560002,6.90
TDE,256.34000000000003,-27.020007999999983,-10.54
TDF,509.6600030000001,-19.17250200000001,-3.76
TDG,1401.700024,333.8199870000001,23.82
TDI,400.580002,-30.83999600000002,-7.70
TDJ,285.089999,-34.960001000000005,-12.26
TDOC,224.420002,6.149997999999989,2.74
TDS,787.9045290000001,3.351284999999997,0.43
TDW,32354.928565,-942.9806680000005,-2.91
TDY,1779.829987,505.48998900000015,28.40
TEAF,13.39,0.14999999999999858,1.12
TECK,225.6,7.580005000000003,3.36
TEF,240.70926799999995,35.423682,14.72
TEI,236.87249999999997,-6.145000000000001,-2.59
TEL,573.289999,50.75999899999999,8.85
TEN,671.912501,-1.3925070000000144,-0.21
TEO,348.47,9.857503999999999,2.83
TEVA,651.5268790000001,-8.59797499999997,-1.32
TEX,401.58500100000003,65.83749999999998,16.39
TFC,944.124169,-24.27583000000002,-2.57
TFII,194.52999800000003,34.94999899999999,17.97
TFX,2601.957482,116.23917099999994,4.47
TG,463.2402730000001,-6.543606999999998,-1.41
TGH,194.190003,6.7799989999999895,3.49
TGI,429.409996,9.789998999999996,2.28
TGNA,547.8704189999999,4.669229,0.85
TGP,368.419997,10.240002000000004,2.78
TGS,96.29500000000002,5.004999,5.20
TGT,990.3474989999999,125.31874800000003,12.65
THC,936.9066720000002,50.87665799999999,5.43
THG,977.0999970000001,46.45000700000003,4.75
THO,705.779308,97.36660699999999,13.80
THQ,143.090001,-8.610001000000008,-6.02
THR,227.64999900000004,-19.61000099999999,-8.61
THS,797.44,-21.430006000000027,-2.69
THW,70.7,-5.050000999999998,-7.14
TIMB,260.017497,27.437507000000004,10.55
TINV,0,0,NaN
TISI,390.262498,1.7337579999999928,0.44
TJX,341.869529,27.915319000000004,8.17
TK,279.115002,35.4125,12.69
TKC,173.233744,-17.076584999999994,-9.86
TKR,773.907121,11.043209000000019,1.43
TLK,233.989026,9.653517999999998,4.13
TLYS,106.13,-10.520000000000001,-9.91
TM,1577.4703750000003,72.23680999999999,4.58
TME,16.42,-1.700000000000001,-10.35
TMHC,145.939998,-9.02,-6.18
TMO,734.3010120000001,472.230961,64.31
TMST,69.220001,-6.160001000000002,-8.90
TMX,106.10286100000002,15.307138999999992,14.43
TNC,811.7950089999998,-6.606253000000024,-0.81
TNET,143.489998,2.4100030000000032,1.68
TNK,138.23999899999998,1.1500050000000055,0.83
TNP,802.400008,40.62499999999998,5.06
TOL,466.75936900000005,27.226882999999994,5.83
TOT,1077.577499,49.96625000000001,4.64
TPB,33.240002,-3.4400029999999973,-10.35
TPC,424.55750300000005,2.252493999999995,0.53
TPGY,0,0,NaN
TPH,121.930001,-4.520001000000001,-3.71
TPL,3013.1744879999997,474.670526,15.75
TPR,363.480002,54.74000500000001,15.06
TPRE,91.42,-6.350000000000003,-6.95
TPVG,85.21,1.9899999999999984,2.34
TPVY,76.280001,-10.580001000000003,-13.87
TPX,162.05249999999998,-9.954999999999998,-6.14
TPZ,178.99999999999997,-2.219998000000002,-1.24
TR,669.725959,-17.43658199999998,-2.60
TRC,759.942898,-55.992831999999986,-7.37
TREB,0,0,NaN
TREC,95.85,-6.109999999999997,-6.37
TREX,166.673751,42.12624699999999,25.27
TRGP,208.39,44.179998999999995,21.20
TRI,524.580001,68.750013,13.11
TRN,242.52121,2.0845750000000045,0.86
TRNO,112.359996,30.470006,27.12
TROX,96.27000000000001,-10.649999999999997,-11.06
TRP,463.8725040000001,25.759996,5.55
TRQ,334.124783,-38.0177,-11.38
TRTN,365.76999799999993,1.6599979999999874,0.45
TRTX,60.47,-8.540002999999999,-14.12
TRU,159.570008,-19.27001299999999,-12.08
TRV,1264.165003,94.77124,7.50
TS,439.83000100000004,-35.73000199999999,-8.12
TSE,139.879995,44.740004,31.98
TSI,153.8725,-4.082499999999998,-2.65
TSLX,114.96000000000001,-5.949997000000014,-5.18
TSM,308.51252800000003,124.26417199999997,40.28
TSN,608.6597220000001,18.285280000000014,3.00
TSQ,44.01,-1.4800000000000004,-3.36
TT,528.191438,114.75682099999999,21.73
TTC,240.98323299999998,71.815933,29.80
TTI,130.23333499999998,10.492222000000003,8.06
TTM,176.32999900000002,1.5600000000000005,0.88
TTP,466.439995,5.120004000000009,1.10
TU,169.830001,7.58124999999999,4.46
TUFN,14.44,3.9000000000000004,27.01
TUP,825.260003,-16.132509999999957,-1.95
TV,315.812499,10.057500999999998,3.18
TVC,482.7050019999999,-13.885002000000014,-2.88
TVE,403.611874,-4.951875999999999,-1.23
TWI,246.858003,-26.064002999999992,-10.56
TWLO,349.909996,260.750008,74.52
TWN,468.62500299999994,-10.412503999999998,-2.22
TWND,0,0,NaN
TWO,173.88298899999998,-12.969924999999986,-7.46
TWTR,335.880003,-7.509998000000003,-2.24
TX,127.689996,35.180003,27.55
TXT,548.003754,53.63249700000001,9.79
TY,368.4725,19.854998000000005,5.39
TYG,1257.400002,22.000006999999997,1.75
TYL,740.5358269999999,325.304178,43.93
U,0,0,NaN
UA,50.08,-1.0400010000000002,-2.08
UAA,165.312503,26.392495000000018,15.97
UAN,1048.2000030000002,-108.97999799999998,-10.40
UBA,415.65999700000003,-16.700003000000002,-4.02
UBER,36.98,19.479999000000007,52.68
UBP,416.6249979999999,-14.152501,-3.40
UBS,41.38000099999999,-4.340000999999999,-10.49
UDR,550.164995,1.0375079999999883,0.19
UE,84.17,-4.159999999999998,-4.94
UFI,614.8000000000001,68.50500299999996,11.14
UFS,429.49999700000006,0.9949919999999786,0.23
UGI,401.42444400000005,30.032225999999994,7.48
UGP,127.15156299999998,-0.32500000000000107,-0.26
UHS,1209.401878,-24.022500000000008,-1.99
UHT,951.6900039999998,54.27751099999996,5.70
UI,459.18000800000004,210.660006,45.88
UIS,1872.2299979999998,61.584997000000016,3.29
UL,922.4561100000001,9.995977999999958,1.08
UMC,63.994112,-6.704574999999995,-10.48
UMH,278.86,4.235000000000001,1.52
UNF,1266.787494,44.10001799999998,3.48
UNFI,518.690001,2.768749999999997,0.53
UNH,1271.396322,201.01679700000003,15.81
UNM,623.3424949999999,2.221256000000004,0.36
UNMA,26.309999,0.7000010000000003,2.66
UNP,639.069065,158.245319,24.76
UNVR,142.309999,-4.120001000000002,-2.90
UPS,1682.9849739999997,-20.454991000000007,-1.22
URI,961.122507,108.42999,11.28
USA,194.63500000000002,0.3349999999999991,0.17
USAC,145.580001,-12.800002000000005,-8.79
USB,929.9344419999999,60.225548000000025,6.48
USDP,22.189999999999998,-3.26,-14.69
USFD,64.199999,-2.629998999999998,-4.10
USM,984.877497,9.737508999999996,0.99
USNA,694.8368740000001,86.02874500000001,12.38
USPH,560.2166589999999,75.08877300000002,13.40
USX,5.99,1.7000000000000002,28.38
UTF,305.299999,6.769999000000006,2.22
UTI,288.990002,-29.93000399999997,-10.36
UTL,732.523808,15.080129,2.06
UTZ,0,0,NaN
UVE,102.760004,22.639996,22.03
UVV,1050.684998,-9.092502000000003,-0.87
UWMC,0,0,NaN
UZA,229.58999899999998,-26.45999799999999,-11.52
UZB,183.60999900000002,-25.011997000000015,-13.62
UZC,130.20999899999998,-9.709998999999996,-7.46
UZD,0,0,NaN
UZE,0,0,NaN
V,250.255,148.71749699999998,59.43
VAC,383.76999700000005,4.630003999999985,1.21
VALE,193.985,11.845003999999996,6.11
VAPO,18.09,-2.09,-11.55
VAR,852.48503,73.93026599999999,8.67
VBF,522.6399999999999,-32.12249800000002,-6.15
VCIF,9.95,0.13000000000000078,1.31
VCRA,111.46,5.660002000000002,5.08
VCV,268.95,5.08,1.89
VEC,259.060005,-27.590005000000005,-10.65
VEDL,188.601202,-8.574908000000004,-4.55
VEEV,116.86,251.89001,215.55
VEL,7,0.7599999999999998,10.86
VER,325.500004,-25.030006000000007,-7.69
VET,356.15999800000003,-17.890000000000022,-5.02
VFC,389.326354,57.696202,14.82
VGAC,0,0,NaN
VGI,119.000001,-9.370001000000002,-7.87
VGM,379.89000000000004,-4.464999999999996,-1.18
VGR,239.273686,3.8986449999999984,1.63
VHC,97.28999900000002,-3.0599989999999986,-3.15
VHI,1064.3013700000001,62.05805400000003,5.83
VIAO,0,0,NaN
VICI,44.229999,-1.2299989999999994,-2.78
VIPS,71.950001,12.939999,17.98
VIST,0,0,NaN
VIV,0,0,NaN
VKQ,382.05249999999995,2.247500000000006,0.59
VLO,585.419585,97.69667099999998,16.69
VLRS,45.92,6.919998999999996,15.07
VLT,531.927499,-21.105000000000004,-3.97
VMC,1445.882495,46.245833999999974,3.20
VMI,1238.8625099999997,120.51375100000003,9.73
VMO,324.7374989999999,-0.9874989999999979,-0.30
VMW,892.9000139999999,46.21996400000002,5.18
VNCE,50.95,-5.900000000000004,-11.58
VNE,15.91,11.09,69.70
VNO,1087.861782,71.25162699999997,6.55
VNT,0,0,NaN
VNTR,3.35,-0.3500000000000001,-10.45
VOC,113.13000000000001,-8.670000000000003,-7.66
VOYA,242.90000199999997,-1.0099999999999767,-0.42
VPG,142.29,-6.379999999999988,-4.48
VPV,252.91250099999996,-0.302501000000003,-0.12
VRS,26.269999000000002,9.870002999999997,37.57
VRT,11.97,8.150000999999998,68.09
VRTV,111.22999599999999,-13.549995999999998,-12.18
VSH,304.32579300000003,22.124677000000005,7.27
VST,47.959998999999996,-3.649999000000001,-7.61
VSTO,66.24,-7.99,-12.06
VTA,100.46000000000001,-3.0000000000000018,-2.99
VTN,314.9750020000001,5.2049939999999975,1.65
VTOL,93.80999999999999,-12.19,-12.99
VTR,688.522003,8.742069,1.27
VVI,395.282706,3.31015,0.84
VVNT,13.36,6.019999000000002,45.06
VVR,99.75000000000001,-5.337499999999995,-5.35
VVV,66.259998,-6.909997999999998,-10.43
VYGG,0,0,NaN
W,350.20000100000004,-51.790009,-14.79
WAB,694.993734,24.422515000000033,3.51
WAL,158.869999,28.21000399999999,17.76
WALA,103.369998,-3.7099970000000013,-3.59
WAT,2181.556239,141.82375000000002,6.50
WBAI,86.23,-8.759998999999997,-10.16
WBK,395.5869980000001,-11.517995999999993,-2.91
WBS,743.671701,12.894434000000011,1.73
WBT,49.92,-1.8100010000000015,-3.63
WCC,507.81999299999995,47.99000199999999,9.45
WCN,241.180862,68.799882,28.53
WD,207.940001,-13.980000999999994,-6.72
WDR,506.9749900000001,1.9500050000000204,0.38
WEA,248.649998,-13.219998000000011,-5.32
WEC,706.2325050000001,44.70416499999999,6.33
WEI,0,0,NaN
WELL,950.4699990000001,14.81248799999998,1.56
WES,100.96,-12.759997000000007,-12.64
WEX,742.279989,54.78000800000001,7.38
WF,517.079707,11.637415999999998,2.25
WFC,689.036669,-8.411455999999994,-1.22
WFG,178.58,24.83,13.90
WGO,452.75375599999995,15.301246000000006,3.38
WH,165.919998,-18.49999499999999,-11.15
WHD,94.919998,-8.999999999999996,-9.48
WHG,640.3899960000001,38.76999299999999,6.05
WHR,2262.372496,39.47250700000001,1.74
WIA,144.12,-11.770000000000003,-8.17
WIT,98.11214100000001,-3.727645999999999,-3.80
WIW,104.53,-1.9599999999999973,-1.88
WK,82.560001,75.86000199999998,91.88
WLK,380.40999999999997,36.64500100000003,9.63
WLKP,209.570002,-13.640003000000021,-6.51
WLL,1401.9800180000002,83.919986,5.99
WM,882.250008,64.214989,7.28
WMB,470.168039,12.27462700000001,2.61
WMC,98.59,-10.569999999999999,-10.72
WMK,1152.0449979999999,-18.689988,-1.62
WMS,118.879997,39.450006,33.18
WMT,1358.886247,67.92625300000002,5.00
WNC,292.079167,19.82082899999999,6.79
WNS,252.10000200000002,17.24999499999999,6.84
WOR,699.5938870000002,-0.29999800000003063,-0.04
WORK,103.719999,-5.11999800000001,-4.94
WOW,19.03,2.2700000000000014,11.93
WPC,638.1424979999999,82.84250999999998,12.98
WPF,0,0,NaN
WPG,185.939995,-20.070000000000007,-10.79
WPM,218.11999899999998,-5.389997999999977,-2.47
WPP,1261.2899960000002,54.93563199999999,4.36
WRB,284.66315699999996,22.390074999999996,7.87
WRE,713.1711180000002,1.2852790000000027,0.18
WRI,603.365556,-6.4833399999999735,-1.07
WRK,120.52000000000001,14.779999000000004,12.26
WSM,755.271148,46.592842000000005,6.17
WSO,1188.456962,132.258536,11.13
WSR,131.86,-8.80000000000001,-6.67
WST,544.1624979999999,635.472519,116.78
WTI,135.759999,-7.049999999999996,-5.19
WTM,6225.8650210000005,1369.827484,22.00
WTRG,504.90960400000006,51.79280000000002,10.26
WTRU,120.480004,-6.680004999999994,-5.54
WTS,929.174994,39.91499400000002,4.30
WTTR,34.85,-5.300000000000004,-15.21
WU,359.64000599999997,-31.010004999999996,-8.62
WWE,284.237502,57.56249400000001,20.25
WWW,323.140697,13.279943999999993,4.11
WY,1185.0475049999998,17.254999,1.46
WYND,275.456047,18.016298999999997,6.54
X,666.7600009999999,42.7525,6.41
XAN,86.51,0.8900010000000069,1.03
XEC,782.689998,62.27000800000002,7.96
XFLT,26.53,-1.1600000000000001,-4.37
XHR,156.98999799999999,-11.309997000000003,-7.20
XIN,29.68,0.6699999999999999,2.26
XL,0,0,NaN
XOM,1267.177506,-8.691260999999983,-0.69
XPEV,0,0,NaN
XPO,248.04999599999996,47.290001000000004,19.06
XPOA,0,0,NaN
XRX,755.6272789999998,59.92080299999999,7.93
XYF,0,0,NaN
XYL,356.130005,42.459987000000005,11.92
Y,5206.3489739999995,374.18464400000005,7.19
YAC,0,0,NaN
YALA,0,0,NaN
YELP,244.54999999999998,8.10000000000002,3.31
YETI,34.59,32.36999899999999,93.58
YEXT,52.760001,-2.2699999999999996,-4.30
YPF,481.82750400000003,0.8399929999999998,0.17
YRD,0,0,NaN
YSG,0,0,NaN
YUM,615.431171,76.66362199999998,12.46
YUMC,86.79000099999999,30.20999900000001,34.81
ZBH,1544.6400180000003,-59.630021,-3.86
ZEN,244.930001,48.75999199999998,19.91
ZIM,0,0,NaN
ZNH,284.228336,23.794997000000002,8.37
ZTO,53.619999,9.659999999999997,18.02
ZTR,651.9499979999998,-45.759996000000015,-7.02
ZTS,161.310001,109.779996,68.06
ZUO,13.84,0.8599999999999994,6.21
ZYME,75.84,8.239999999999995,10.86
__TOTAL__,1063948.0339459977,53714.36728199996,5.05